x,y
-0.006404392,-0.013757126
0.017188459,0.018144891
-0.021726011,-0.02062189
0.022516965,0.025375882
0.00331825,0.002177377
0.027961515,0.024155037
0.00731208,0.006853357
0.006097561,0.007609361
-0.006349206,-0.00736323
0.007551554,0.010738723
0.00922456,0.000637269
0.006569552,0.009516402
0.002553916,0.005000336
-0.004245684,-0.000355022
0.007959068,0.00454487
-0.023970671,-0.019367929
0.012424155,0.00668276
0.005993151,0.008190297
-0.01929078,-0.022054622
-0.011570726,-0.006606619
0.000877963,-0.010566702
0.000292398,0.009292386
0.033615902,0.026214267
-0.001131222,0.002357966
0.00198188,-0.001965508
-0.00593388,-0.000242942
0.01648664,0.018369827
-0.006711409,-0.004924658
0.009009009,0.000795926
0.002762277,0.008702346
-0.008597902,-0.002835324
-0.012349144,-0.014764318
-0.003694231,-0.005612515
0.0213919,0.021961137
-0.001117006,-0.002905726
-0.020408163,-0.01884072
-0.010273973,-0.010695658
-0.023068051,-0.014582429
0.00974026,0.009564705
-0.00958784,-0.009332135
0.010329969,0.006357866
0.027693386,0.028134328
0,-0.002072209
0.004548039,0.005345477
0.001131862,0.003568562
0.014697569,0.015140477
-0.005571031,-0.004902969
-0.012605042,-0.009975289
0.010780142,0.004370594
-0.016559079,-0.015732617
0.005565068,0.005714492
-0.022846601,-0.020791384
0.003775777,-0.001904573
0.021412037,0.019821237
-0.001699717,0.003454373
-0.013053348,-0.015762674
0.002012651,0.003148893
0.001721664,-0.001447576
0.018619307,0.018144313
-0.002812148,-0.002618028
0.003102087,0.002461164
0.007590666,0.009723505
0.001674107,-0.002800497
-0.001392758,0.001987144
0.016457462,0.016988769
0.003293085,0.00170134
-0.00273523,-0.003233015
-0.002742732,0.001664101
0.020077008,0.02027427
0.006740361,0.00489472
0.009105517,0.009892152
0.007935244,0.010866537
-0.006556255,-0.006349086
0.015902465,0.011913644
-0.009939995,-0.0072597
0.003452001,0.007017611
0.00262605,-0.000936095
0.010214772,0.014882713
-0.000777807,0.003511079
-0.004151531,-0.00255556
-0.005992705,-0.010937871
-0.003669725,0.002303138
0.015259142,0.014106613
-0.022026432,-0.017543209
-0.016958135,-0.018247934
0.003773585,-0.004371742
-0.004564984,-0.000993993
-0.002697599,-0.001449002
-0.001081958,0.001494638
-0.016246954,-0.0250908
0.003853565,0.002729709
0.018124486,0.022030197
-0.000296248,-0.001648434
0.001616379,0.007166307
0.010758472,0.006961472
-0.008781267,-0.00767725
-0.008322148,-0.009656374
0.013535463,0.013049287
0.002938034,-0.001827154
-0.01517976,-0.014692034
-0.003244997,-0.003900879
-0.011123169,-0.014915656
-0.002469136,-0.001038587
0.006050605,0.008779959
0.002460361,0.004768456
-0.002727025,-0.00134964
0.013125513,0.01378985
-0.011605938,-0.008812879
-0.005461496,-0.00306645
0.00933553,0.01070917
-0.003536453,-0.003635446
-0.023478023,-0.01894504
-0.003075203,-0.006777927
-0.013180034,-0.015508139
-0.009093492,-0.010268025
0.018353886,0.021031298
-0.01745987,-0.022934789
0.00171969,0.002016098
0.015736767,0.017343592
-0.004507042,-0.007234897
-0.016694963,-0.011185535
-0.012661871,-0.015732046
-0.008160886,-0.004234766
0.011460476,0.004048265
0.026815805,0.030218675
-0.00348018,-0.003629782
0.016183986,0.01668863
0.003352892,0.004053628
-0.001949318,-0.00319492
0.008928571,0.010435522
0.025995575,0.020932615
0.009433962,0.010668567
-0.012550067,-0.009227464
-0.001081666,-0.004685745
0,0.00128881
0.006226313,0.006139469
-0.014527845,-0.017123271
0.004914005,-0.002573699
-0.01792991,-0.011192964
-0.001659751,-0.003207155
0.012191743,0.012375285
-0.023268546,-0.020687545
0.008688341,0.008617127
0.025840511,0.018715776
0.007854821,0.008293362
-0.007256114,-0.006337888
-0.001894965,-0.002080417
-0.018171956,-0.021112425
-0.015469613,-0.015424165
-0.024410774,-0.01971203
0.00949094,0.009688172
0.004273504,0.006083138
0.007943262,0.003613503
-0.007599212,-0.009945916
-0.008224617,-0.010200145
-0.008550186,-0.011380998
0.014969283,0.018608465
0.001989201,-0.002962183
-0.007090187,0.000232917
-0.00742645,-0.011275725
-0.009496403,-0.014486989
0.009006392,0.011290494
-0.001151742,0.000210055
0.00461228,-0.00075604
0.004849354,0.008175618
0.006881978,0.00570154
0.019852524,0.02167672
0.006395996,0.005898912
0.006355347,0.004265876
0.003569467,0.001129722
-0.001367989,0.002031205
-0.002191781,-0.000870897
-0.012081274,-0.014422403
0.005836576,0.009367646
0.023763471,0.021230311
0.001403509,0.001459566
-0.014096275,-0.016238626
0.007135242,0.004659706
-0.014115092,-0.01488076
0.012940529,0.013006847
-0.001630878,0.001342892
-0.009256738,-0.007288753
0.001374004,0.001546798
-0.007958288,-0.006197694
0.014661134,0.010010444
0.011995638,0.013493059
-0.001885776,-0.002676485
0.007557355,0.004917587
-0.008277525,-0.00270988
0.009427082,0.007490914
0.00990099,0.006324095
-0.01854796,-0.015701153
-0.005939525,-0.004407942
-0.021455731,-0.021541669
0.001831807,0.001374727
-0.010970745,-0.015643284
0.00140056,0.005691848
-0.004195804,-0.004835763
-0.001404494,-0.002704732
-0.010126582,-0.008667272
-0.00341006,-0.001128639
-0.01140576,-0.015449102
-0.002019037,0.000364919
0.023988439,0.017647183
-0.029071408,-0.022250507
0.013662791,0.007847742
-0.018927445,-0.021161511
-0.004384683,-0.005348198
0.013799178,0.016363705
-0.004344049,-0.005753893
0.011634671,0.0123085
0.003162737,0.003355989
0.002006306,0.002516486
-0.020881007,-0.017260705
0.000292141,-0.002195484
-0.018691589,-0.018010379
-0.026190476,-0.024538067
0.002444988,-0.00124376
0.0125,0.0191901
-0.00873231,-0.014513732
-0.013669502,-0.016743646
0.001539883,0.002703701
0.011285363,0.014598003
0.011341868,0.006967863
0.017739026,0.020149039
-0.005258493,-0.006255775
0.010038014,0.009959582
0.002352249,0.00068775
-0.000293341,-0.000979506
0.01379108,0.013027746
-0.004341534,-0.004186919
0.004651163,0.00496166
-0.016782407,-0.013673378
0.001177163,0.000883024
0.007348618,0.00672238
0.014881821,0.012451747
-0.018372628,-0.015452914
0.008464896,0.007631982
-0.003804821,-0.004196575
0.008484212,0.010293762
0.015322347,0.013194999
0.01309795,0.008533319
0.001405284,0.002629455
-0.010580971,-0.009830702
0.001900547,0.003986007
0.003114383,0.003160474
8.47E-05,-0.001046701
0.003866452,0.006875844
-0.017430419,-0.018426094
-0.000886981,0.000395588
-0.003436525,-0.003680154
-0.008592201,-0.010425046
0.002028986,0.005475994
0.014752676,0.01288679
0.001710376,0.001533251
0.027319294,0.023928236
0.005900277,0.005248309
0.001294302,0.001599381
0.007975798,0.007963792
-0.011186903,-0.011412369
-0.018211921,-0.014652146
0.004777965,0.004583758
-0.001678322,-0.001866383
-0.002241524,-0.002386413
-0.00449312,-0.009112844
0.005077574,0.004462466
0.014313781,0.013088624
-0.007194245,-0.007029742
0.004682274,0.005248869
0.015312916,0.01068985
-0.021857923,-0.019687685
-0.004888268,-0.000576324
0.005473684,0.007709531
0.025404802,0.021379264
0.006261911,0.002962851
-0.001623377,-0.000372408
0.003739837,0.002471895
0.003320914,0.00249091
0.006700573,0.00998397
0.005613472,0.009657115
0.009037746,0.007565337
0.001053741,0.0001804
-0.002105263,0.002018163
-0.00342827,-0.004213066
0.013231013,0.013122603
0.009663097,0.011689195
0.00439731,0.004480564
-0.006103528,-0.00737419
0.013396212,0.010149105
0.004602403,0.002191156
-0.015525579,-0.015989271
0.009565667,0.007039989
-0.001536492,-0.000428882
0.008720185,0.008781548
-0.003051106,-0.000259924
-0.000178526,0.002425016
-0.002066168,-0.004776995
0.02039773,0.019782511
0.003757515,0.002513707
0.00149738,0.002053198
0.003488662,0.001567964
-0.017134343,-0.017008169
0.005811016,0.005468383
0.006028636,0.001359661
-0.002996255,-0.000433941
0.008765339,0.009639533
0.004890765,0.005284645
-0.003631692,0.001306168
-0.009422266,-0.007468514
-0.011889862,-0.005090519
-0.006966434,-0.003423447
0.012244898,0.010889047
0.001260081,0.002867235
0.000704757,0.001666621
-0.004225565,-0.002959994
0.009598383,0.01066733
0.001250938,-4.11E-05
-0.000749625,0.000684216
-0.001875469,-0.001321913
-0.010422147,-0.010707977
-0.018202992,-0.020572752
-0.006188757,-0.007871531
-0.005007784,-0.000588758
0.005293765,-0.000660367
-0.000518807,0.00403613
-0.00703348,-0.008304964
0.008390183,0.006245076
-0.013219285,-0.010500444
0.009456265,0.008382085
0.007546188,0.00868333
-0.016528926,-0.015397381
-0.019170168,-0.013363786
-0.008032129,-0.005673188
-0.014035088,-0.012567842
0.004927457,0.005600233
0.011985835,0.012956755
-0.001345895,0.000548325
-0.004851752,-0.005494799
0.013001083,0.013054588
0.003208556,0.00305672
0.001599147,0.003109793
-0.011335817,-0.00819531
0.016041341,0.014143139
-0.002013245,-0.002206991
0.001751871,0.002245241
-0.016693164,-0.016347361
0.001077877,0.000294955
0.014804845,0.011485363
0.004482759,0.00302034
0.006628113,0.003301887
-0.003672613,-0.000826317
-0.01342812,-0.012485801
-0.003202562,-0.001318753
-0.01231593,-0.013739891
0.001355381,0.000532624
0.012723335,0.010099826
0.005613472,0.006744865
-0.010632642,-0.006613229
0.011015583,0.009524178
-0.000531491,-0.001791085
-0.008242489,-0.004394592
0.005898123,0.00593672
0.014392324,0.009475268
-0.009984235,-0.00795323
-0.002919321,-0.005864457
-0.001330849,-0.00074099
-0.009328358,-0.008754021
0.004573581,0.004643978
-0.00803428,-0.007804114
-0.011474082,-0.009434698
0.002594565,0.000442774
-0.005448107,-0.004273336
0.001917283,-0.000138282
-0.012301804,-0.008994503
0.003598118,0.000488447
0.000275786,0.000423446
0.00192997,0.000736982
-0.007980187,-0.009245299
0.018862691,0.016121823
-0.004356112,-0.003202863
-0.010117583,-0.007209762
0.00718232,0.00316157
0.002742732,0.004152353
-0.001641138,-7.93E-05
0.012054795,0.009847869
-0.008121278,-0.009624166
-0.004366812,-0.003599512
0.004934211,0.006697584
-0.016366612,-0.015431458
-0.014143095,-0.014006587
-0.02278481,-0.019806316
0.000287853,0.002519323
0.006906475,0.01016078
-0.008173764,-0.009602068
0.026394652,0.025429083
-0.014879281,-0.015399301
0.008121972,0.009617999
-0.009187279,-0.011960045
0.001426534,0.001594093
-0.00997151,-0.013543624
0.006618705,0.009175601
0.004002287,0.003646153
0.005125285,0.002291763
0.012124646,0.015318678
0.000895656,-0.000181778
0.002712528,0.002838269
0.00482472,0.006284937
-0.007327227,-0.008537769
0.005144551,0.004507551
-0.002781641,-0.003834075
0.010878661,0.006572775
0.006732892,0.009246035
0.005920403,0.004900938
0.013623978,0.013227788
0.008387097,0.005886254
0.003945404,0.001881112
0.005045141,0.004998814
0.00317041,0.002412342
-0.004213853,-0.005519183
0.010050251,0.010326806
0.000523697,0.002199147
-0.003402251,-0.00361586
0.008665966,0.0095177
0.006508722,0.004780378
-0.014485256,-0.012554869
0.000262467,0.002208307
-0.008396746,-0.004139799
-0.002116962,-0.003323691
0.00636436,0.008120705
-0.010619236,-0.006692088
0.004873891,0.003037486
-0.003975616,7.65E-05
0.003193188,0.002865412
0.00530504,0.006864017
-0.000791557,0.000464272
0,-0.000947055
-0.000528123,0.00140771
-0.001056803,0.000496976
-0.011108172,-0.010208957
-0.01123295,-0.008392878
-0.004598323,-0.003923478
0.00951087,0.012174881
-0.002207268,-0.000463735
-0.007769505,-0.005758727
-0.001495378,0.000331938
0.010483322,0.010392471
-0.004850445,-0.004835792
0.003520173,0.003390982
0.019158122,0.017936728
0.009266614,0.010671674
0.004721931,0.003618505
0.002349869,0.000489345
0.009898411,0.00406973
0.003095177,0.001838202
-0.004037028,-0.00551366
0.011540547,0.013200985
0.007146503,0.007083546
0.000253421,-0.004547509
-0.001266785,0.00052676
-0.003805175,-0.00596832
0.00381971,0.00427368
0.00761035,0.004773791
0.004783484,0.005637984
-0.008393886,-0.006182311
0.001895136,0.004826303
0.010844893,0.010381231
-0.000499002,-0.000383513
-0.009660509,-0.011483023
-0.004864769,-0.006110577
-0.007345491,-0.006189012
0.006634345,0.004541592
-0.008618504,-0.007518421
0.008233188,0.00779535
-0.005629945,-0.008107936
0.006018873,0.00499255
-0.016123308,-0.013817548
0.005926308,0.003793048
-0.005046107,-0.004221101
-0.000592127,-0.000231386
0.000515198,0.002735617
-0.002832132,-0.00193879
-0.005938549,-0.003824985
0.002285714,0.00260002
-0.003319685,-0.006372052
0.007802932,0.007960218
-0.003611971,-0.003657381
0.009321595,0.01050194
-0.001539251,-0.001933437
-0.00385406,-0.003174954
0.014702089,0.013003379
0.00175394,0.00243788
-0.000228374,-0.002763787
0.005558376,0.004385085
0.002801686,0.003362954
-0.00251699,-0.005020739
-0.011355034,-0.010287626
-0.000510465,-0.001469845
0.006128703,0.00664704
-0.00786802,-0.006872758
-0.004093118,-0.006483198
-0.011045466,-0.011555099
0.003636364,0.001981942
0.002846791,0.002875848
0.000258065,0.002177511
-0.002321981,-0.002372844
0.000258598,-0.000363769
0.01344364,0.012214011
0.006632653,0.004931739
0.002534212,0.001752036
-0.006572295,-0.007458313
-0.013740458,-0.016961506
-0.013157895,-0.009000131
0.002352941,0.003011506
-0.005477308,-0.005471472
-0.004982953,-0.008572771
-0.011939905,-0.011423866
0.007816043,0.004814142
0.007411329,0.008608515
0.003152916,0.002657045
-0.007071765,-0.006906216
0.020047481,0.017143241
-0.009412982,-0.01105061
0.006369759,0.006818008
0.015823606,0.016150051
-0.003830439,-0.003012652
-0.005126891,-0.004439081
-0.020097913,-0.017238787
0.007678149,0.012683766
0.01429988,0.014569111
-0.000771803,-0.002936195
0.013053553,0.014355518
0.015071035,0.00760528
0.003505258,0.004269367
0.001247505,0.004082987
0.00024919,-0.002821111
0.000473343,0.001757397
0.010981349,0.009632863
0.00270936,0.002635549
9.83E-05,-0.000680665
-0.004764946,-0.006157045
0.006120434,0.000572627
0.013221154,0.014884278
0.003461883,0.002974935
0.00238842,0.006556434
0.003634263,0.005317418
0.002398082,0.002861205
0.00215311,0.001352359
-0.008355216,-0.0104296
-0.004742417,-0.002910035
-0.002491353,6.18E-05
0.018598448,0.015390864
0.002380556,0.002739321
-0.007290949,-0.006846939
0.003253589,0.001384068
-0.001812285,-0.003802016
-0.007142857,-0.002464111
0.003705397,0.004576227
0.003643773,0.00187369
0.004251559,0.001852748
-0.00347247,-0.00103562
0.001694551,-0.000753563
-0.009292352,-0.00360065
-0.015873016,-0.013199053
0.000733138,-0.000137436
0.004395604,0.004199017
0.006491612,0.006658542
0.000144938,0.001307109
-0.008815786,-0.01001393
-0.001169648,0.000986743
-0.006586972,-0.004765294
-0.007563851,-0.005778601
0.022221122,0.017427627
0.010409102,0.008817033
0.00431241,0.005928209
0.018129771,0.012799045
0.003980787,0.005673541
0.000702452,0.000700944
0.007695896,0.004784303
-0.004859986,-0.006282506
-0.000465116,0.000148808
-0.006514658,-0.006193754
-0.01147541,-0.010009411
0.007344231,0.009730384
-0.029868297,-0.023505298
0.000242424,0.000346189
0.004362579,0.007460202
-0.004343629,-0.002008862
0.007028599,0.009894606
0.013477738,0.00931878
0.001899786,0.001149818
-0.004503437,-0.000392795
0.003571429,0.002084339
-0.017081851,-0.012522643
-0.01230992,-0.008114746
-0.002688172,-0.001640578
-0.004410684,-0.006097986
0.011567807,0.009814885
-0.009489051,-0.00488146
0.006140997,0.00266655
-0.011474609,-0.009719429
0.010125957,0.009999429
0.006356968,0.006619145
0.009232264,0.008015252
-0.00794415,-0.00534819
-0.011162339,-0.008692803
0.012515337,0.009199652
-0.00266602,-0.001676616
0.002673147,0.003419305
0.011148812,0.008833223
-0.014860978,-0.01117409
0.013625304,0.014591268
0.000720115,-0.001521889
-0.005756776,-0.003674279
-0.008685163,-0.007187635
-0.005840837,-0.007708829
0.000489596,-0.000333998
-0.008563739,-0.007814703
0.000987167,0.00547533
0.00295858,0.002257366
0.016961652,0.012736891
0.008460237,0.006988962
-0.008389262,-0.005306406
0.001933768,0.003011739
0.002412545,0.00331832
-0.010589651,-0.008591445
0.002432498,0.004026362
-0.002911915,-0.001383717
0.005110733,0.005508322
0.000242131,0.001199408
-0.004115226,-0.004753651
0.01895965,0.014559564
0.003101145,0.00136312
-0.002853746,-0.000432748
0.001192464,-0.001298805
0.005478799,0.003691046
0.009476427,0.006151485
0.00281624,0.000616805
-0.009595132,-0.009375495
-0.001417769,-0.00246381
-0.008045433,-0.009778426
0.00023855,0.001919664
0.004054376,0.004945027
-0.010451306,-0.006429876
0.019203072,0.019461263
0.0044748,0.00625613
-0.003516999,-0.003508859
-0.011764706,-0.008328547
-0.000952381,-0.00403346
-0.0021449,-0.001314814
-0.000238834,0.001455794
0.009555662,0.004917225
-0.009701846,-0.009534751
-0.009796894,-0.007653817
0.00265444,0.002196968
-0.001444043,-0.002336876
0.008194746,0.008695281
0.007889075,0.008049303
0.000948767,0.001078377
-0.003791469,-0.002862795
-0.008801142,-0.007478089
-0.022318215,-0.020659337
-0.013500245,-0.0127012
-0.000746454,-0.002071826
-0.00747012,-0.004156644
-0.013547416,-0.014928531
-0.006866734,-0.00703822
0.007682458,0.006218429
-0.009656925,-0.009583477
-0.009751091,-0.006483964
0.006737497,0.00491519
0.013127413,0.013441603
0.003302846,0.005523405
-0.021524437,-0.020598993
0.004658385,0.0065479
0.023699124,0.018817144
-0.002466029,-0.000194696
-0.021744614,-0.022425415
-0.000773595,-0.003146476
-0.007483871,-0.005027545
-0.001560062,-0.002998905
-0.006510417,-0.004779716
-0.01965924,-0.020484959
-0.004010695,-0.00894677
0.010201342,0.006587022
0.027106032,0.027908159
-0.008020699,-0.006622729
-0.00808555,-0.00917042
0.001314752,-0.001586755
0.015756303,0.016232995
-0.012668046,-0.008484448
-0.001047395,-0.000712317
0.002621232,0.005753511
-0.018823529,-0.015661458
0.007460698,0.005685378
0.030415234,0.029623706
-0.004876797,-0.001052061
0.005932422,0.008456994
-0.021794872,-0.016915575
-0.001048493,0.000820666
-0.011020729,-0.011612016
-0.008755638,-0.006162284
0.007494647,0.005634704
-0.018862912,-0.018096042
-0.016788519,-0.017269478
-0.01019003,-0.008158018
0.002504174,0.000183102
0.003330558,0.002697846
0.013001383,0.018348844
-0.01474604,-0.01983468
-0.010532151,-0.00932861
0.019887955,0.020514066
0.005767646,0.005851489
-0.000819224,-0.001647252
-0.006559169,-0.007699857
0.02090784,0.019379901
-0.000269469,-0.001265556
-0.01671159,-0.014070163
0.011239035,0.008216035
0.006234752,0.006723229
-0.004579741,-0.00345172
-0.006495264,-0.00600496
-0.006265323,-0.005610397
0.001370614,-0.000257106
0.007117438,0.005572065
-0.007067138,-0.006734676
0.006569943,0.005516774
0.025292358,0.022538778
0.023342175,0.016351781
0.003888025,0.003782625
0.001549187,0.002941056
-0.009538541,-0.007482913
0.000260281,0.001054867
-0.007546188,-0.007056967
0.002884111,0.001166909
0.001830065,0.001486764
0.00756785,0.00953965
0.003108003,0.005396475
0.00464756,0.006225228
-0.001028013,-0.000897275
0.005402624,0.004346713
0.009723644,0.005722844
-0.020020274,-0.017106404
-0.004915956,-0.005784791
0.006239621,0.00488586
0.006198347,0.00344965
0.018480493,0.019598112
0.007056452,0.005438101
0.000750751,0.000484097
0.00300075,0.003079129
2.49E-06,7.45E-05
-0.006484651,-0.005976655
0.01455458,0.01376764
-0.006183527,-0.006714184
-0.007715281,-0.008411129
0.01755706,0.013589634
0.004929751,0.005470197
-0.001226392,0.001036067
0.002701375,0.002936094
-0.004408523,-0.005064832
-0.012546125,-0.00922213
0.004235177,0.002715737
0.024559663,0.021107903
0.004842615,0.006720827
-0.002168675,-0.002753674
0.003380826,0.00512626
0.001684717,0.001581333
-0.001922153,-0.00306455
0.016610496,0.016444044
0.00473597,0.004741039
0.000471365,0.002777154
-0.010600707,-0.007985008
-0.004761905,-0.003318344
0.002392344,0.00163115
0.002386635,0.000581904
0.010238095,0.005660851
-0.007070469,-0.004551449
0.007120817,0.005027814
0.00919161,0.009564523
-0.01424568,-0.011957722
0.006396588,0.005653086
0.002354049,0.001251943
-0.013621419,-0.013638227
0.000952381,-0.00012173
-0.002616556,-0.001200652
0.014548056,0.015135467
0.006817113,0.004206708
0.004669624,0.003826252
-0.005345108,-0.003725412
0.005373832,0.005780109
0.009993028,0.007009403
0.010814542,0.010396144
0.004097428,0.005011643
0.004307413,0.002589531
0,-0.001287423
0.002031603,0.002806357
0.001351656,0.000874283
0.006299213,0.004555064
-0.001788509,-0.002279116
-0.022172452,-0.022079131
0.002519469,0.002787612
0.00685401,0.008209727
-0.000680735,-0.000185157
-0.00862852,-0.007621018
0.013742556,0.014612635
0.003615002,0.001687318
-0.003601981,-0.002606547
-0.012652508,-0.007427862
0.004576659,0.003987678
0.003644647,0.002257001
-0.005901044,-0.004604011
0.001826484,0.000418653
0.011166819,0.008953002
0.001352265,0.001367924
-0.009903219,-0.008797712
-0.003182541,-0.002459026
-0.003648803,-0.000757249
-0.007095445,-0.004829107
-0.010373444,-0.006067701
0.004192872,0.00513483
0.005103224,0.007460175
-0.004846527,-0.002305993
0.000927644,-0.004235408
0.001853568,0.003289314
0.018963922,0.012492329
-0.004766228,-0.007808076
0.000684151,0.001623742
0.005013674,0.002311285
0.011791383,0.006369401
0.010309278,0.010378751
0.005102041,0.007236562
-0.000662105,-0.002013087
-0.008171378,-0.007347901
-0.018481407,-0.014599404
0.002041742,0.003315514
-0.010867104,-0.008253413
-0.002517739,0.000144872
0.01652134,0.014356358
-0.012866817,-0.012979028
-0.003658815,0.000518432
0.000918063,0.002305628
0.00045861,0.003149922
0.010084804,0.006284057
-0.001134559,0.001818261
0.003180373,0.003071168
-0.000905797,-0.001916072
-0.001586582,0.000376034
0.009307605,0.00771964
-0.000224921,-0.000710687
-0.013723285,-0.011575548
-0.003193431,-0.003800347
0.003661327,0.004177973
0.016871865,0.011631373
0.005829596,0.003507821
-0.003343736,-0.00029358
0.007604563,0.006711252
0.003107658,0.002154753
0.005089622,0.002611969
-0.003522677,-0.003894199
-0.004860804,-0.004200881
-0.0410746,-0.038560602
0.003241491,0.003543523
-0.00461574,-0.004930472
-0.015070716,-0.015047618
-0.007768362,-0.011538604
0.016607355,0.019000422
-0.003967328,-0.004342981
0.006794752,0.005526476
0.000232721,-7.37E-05
0.005351326,0.006179989
-0.019439944,-0.021456434
0.014632995,0.009032639
-0.002326122,0.002945478
-0.001398927,-0.002526082
0.010273173,0.009166341
0.007164317,0.005773837
0.019274897,0.019842912
-0.003601981,-0.001698644
-0.003163127,-0.001139669
0.004079782,0.002736731
-0.006997743,-0.007407997
-0.010684246,-0.008136664
0.001148897,0.000331369
-0.000918063,0.001559344
0.00137836,0.000254108
0.013076394,0.011625516
0.004076087,0.003416085
0.00496166,0.005152366
-0.002468582,-0.000861572
0.005174353,0.003417613
-0.010519248,-0.00736384
0.007916761,0.0085781
0.002019749,0.004689641
0.009182531,0.010589642
0.002219263,-0.000546815
-0.003321523,-0.002557078
0.00311042,-0.002050129
0.005537099,0.008396679
0.00154185,-0.001070805
0.00505828,0.000356028
0.013347921,0.009288237
0.005182466,0.002610195
0.000429646,0.001123935
-0.013098561,-0.012540334
0.003263708,0.002563894
0.006723054,0.010418354
0.003662215,0.003164666
0.000858553,0.002629536
0,-0.00044786
0.002144542,0.000364524
0.002139953,0.001829548
-0.013666453,-0.016519219
0.012773328,0.01126842
-0.00684053,-0.00615619
-0.007748601,-0.008022723
0.009761388,0.008790878
-0.004726101,-0.003148629
0.008202029,0.007512181
0.006422608,0.007951975
0.000850883,0.003575699
-0.004675877,-0.004218996
-0.014307068,-0.015183068
0.006282496,0.007593233
0.007750269,0.005830392
0.008117924,0.00808792
0.004662005,0.004606093
0.000632778,0.003626025
0.002953204,0.001672097
-2.10E-06,-0.002682813
-0.010718789,-0.009153575
-0.015510941,-0.017642955
0.012302573,0.012666682
-0.001918567,-0.000542024
-0.00598035,-0.008692255
0.010958315,0.012839004
0.006588735,0.00662897
0.0078125,0.010506488
0.000838047,-2.23E-05
-0.000209336,6.31E-05
-0.009422111,-0.010174035
0.009088988,0.006546049
-0.009426058,-0.01069999
-0.004229224,-0.004584719
-0.005733701,-0.00113159
0.015378044,0.012222892
-0.000420698,0.001167853
0.001683502,-0.001970322
0.008613445,0.011174712
0.006248698,0.004819857
0.007244877,0.004428042
0.004110152,0.003718427
0.000613999,0.001316559
-0.008386173,-0.01155588
0.006806931,0.004807195
0.015365704,0.018838922
0.006860371,0.001959864
-0.001002004,-0.003573448
0.007622869,0.005545694
-0.001194505,-0.004706178
0.002989835,0.007614617
-0.00536566,-0.01192354
0.0003996,0.001146514
-0.014779309,-0.01884871
0.001419015,0.003169174
-0.008502024,-0.018432128
-0.020212332,-0.014509444
0.011669098,0.008263645
-0.021009269,-0.014289058
0.007784557,0.003002646
0.009185804,0.008946607
-0.019031858,-0.024917685
0.011598482,0.014384077
0.007087763,0.005624598
0.010970813,0.020112472
-0.023136773,-0.021610694
-0.009012786,-0.004521299
0.00676819,-0.000968874
-0.017016807,-0.016682319
-0.019021158,-0.016092124
-0.009803922,-0.003130014
0.018921892,0.022022615
0.004750594,0.001419427
0.01053084,0.005087161
0.013611229,0.012510577
-0.002727654,-0.004342534
0.01409636,0.013766619
-0.006639004,-0.005988364
-0.023809524,-0.023664183
0.028669234,0.025102549
0.005199667,0.000858823
0.011173184,0.012119509
0.016574586,0.01305103
-0.010064412,-0.009161334
-0.000813339,0.003232751
-0.018518519,-0.018600129
-0.000622019,-0.002558399
0.015145228,0.014993987
0.000204374,-0.001994661
0.004903964,0.003482606
0.000813339,0.000434283
-0.008329947,-0.007888543
0.025199754,0.027120306
0.002597922,0.005626044
-0.002790512,-0.004572063
0.006596042,0.00638333
0.004567117,-0.001221179
0.009488041,0.005810431
0.004895242,0.005903869
0.005066251,0.003935659
-0.003295851,-0.002982393
0.011476366,0.014617797
0.000192308,0.002241356
-0.006921746,-0.006421957
0.00232333,0.001523123
0.020243384,0.017106407
0.006285736,0.002535236
0.004329257,0.005934355
0.002433491,0.002760436
-0.015884881,-0.013992721
0.016521079,0.012077176
-0.007659256,-0.009132832
-0.004706325,-0.005802654
0.012861736,0.010404999
0.004295051,0.002384472
-0.024916326,-0.026479794
0.01201373,0.010556361
0.020915772,0.016462753
-0.007567368,-0.008750148
-0.013390366,-0.008609862
0.016588124,0.019390023
0.004264788,0.004745753
0.001846381,-0.000193494
0.014190933,0.015092031
-0.018717063,-0.022473402
0.007777778,0.005607333
-0.006431459,-0.005215873
0.011281672,0.010744078
-0.024323336,-0.027005243
-0.030365511,-0.019176986
-0.033442876,-0.025229465
-0.0254,-0.016669937
0.041247691,0.034963192
-0.012810406,-0.010951428
-0.005390297,-0.009733667
0.00923324,0.007158406
-0.011535402,-0.016619886
0.004024145,0.001331508
-0.011823647,-0.01332734
0.010748327,0.01344282
-0.017255217,-0.021412009
0.020008167,0.015675421
0.030424339,0.032042875
0.004273504,0.001971998
-0.00754352,-0.002686115
-0.008380433,-0.008949813
-0.004127358,-0.00655265
0.017761989,0.017894592
0.014543339,0.016019283
0.000191131,-0.001058771
0.004012994,0.004738979
-0.023220404,-0.024491416
0.008963367,0.007162757
-0.005407493,-0.000982697
-0.010291262,-0.012175573
-0.024328036,-0.023253498
0.003217374,0.008390066
-0.000200441,0.001958369
0.020449078,0.01532988
0.018664047,0.019364409
0.007521697,0.007994367
0.004977029,0.004047872
-0.010857143,-0.017385627
-0.001347968,-0.000860516
-0.012340918,-0.008292784
-0.01503319,-0.016064669
0.003369673,-0.002651641
-0.043856183,-0.037636155
-0.004752066,-0.002072
-0.025949761,-0.023581971
0.021312873,0.013961286
0.001460768,0.005647432
-0.019587414,-0.019506614
0.017428268,0.01572059
-0.027574681,-0.024492293
-0.010741139,-0.009510678
-0.013897937,-0.019910149
-0.001321295,-0.002931665
-0.025799338,-0.020403417
-0.003621548,0.010539257
0.020218083,0.01922254
-0.020485415,-0.014706851
0.007729029,0.010197389
0.001804647,0.003490257
-0.000900698,-0.003754224
0.017128691,0.01742303
0.010190561,0.009843024
-0.014036004,-0.012597531
-0.028478309,-0.030474653
-0.019690908,-0.013298062
0.007007708,0.006308153
0.011366272,0.005171603
0.010779817,0.006598741
-0.005672793,2.51E-05
0.021907805,0.023303613
-0.018088432,-0.017410015
-0.003411417,-0.004583661
-0.00182565,-0.006419908
0.004572474,0.009092248
-0.009558489,-0.01170925
0.003676471,0.001557501
0.00503663,0.010476764
0.003872437,0.007523783
0.004992058,0.003857983
-0.003838338,-0.009422331
-0.026518586,-0.02577178
-0.006519208,-0.005661595
0.005624561,0.000756313
0.004891634,0.005625118
-0.022029272,-0.022985217
-0.002371354,-0.003601225
-0.019253625,-0.019483567
0.038053805,0.039844327
-0.002804103,-0.005136544
0.007726528,0.008816992
-0.018355019,-0.022576373
-0.018224852,-0.016037364
0.044599807,0.04195692
-0.024694207,-0.025698606
0.019640322,0.021793054
0.034576468,0.030411226
0.005610152,0.006150421
-0.002899844,-0.007049433
-0.022147651,-0.018610572
-0.005033173,-0.008599279
0.005288572,0.00796606
0.042772187,0.036706657
-0.002193463,-0.000550091
0.002198285,0.000825591
0.005922351,0.003254495
-0.002180549,-0.002585332
-0.007648601,-0.006791784
-0.011231006,-0.011330977
0.014253898,0.012768144
-0.027667984,-0.02611751
-0.004516712,-0.006288429
0.001361162,0.004491547
0.027865881,0.028029374
-0.0022041,-0.003515954
0.031809145,0.026114829
0.007064868,0.002106725
-0.014880952,-0.0129118
0.011005611,0.011901556
0.008964781,0.009862466
-0.002538608,-0.002467489
0.001908802,0.000628405
0.00762066,0.000772012
-0.008193277,-0.005443884
0.03156111,0.028172184
0.001437372,-0.001473595
-0.002870617,-0.004932279
0.006169031,0.00781668
-0.01818925,-0.017986861
0.007493755,0.005254811
-0.00392562,-0.002317112
0.018253474,0.017577235
0.002648197,0.003002921
-0.002234864,0.000683439
0.017511708,0.014877938
0.000798479,-0.001915643
-0.007196575,-0.005041566
-0.007653575,-0.009468107
-0.022122996,-0.017636198
0.003528435,0.006671468
-0.003102378,-0.008081634
0.017634855,0.014963463
0.004077472,0.002319189
0.00893401,0.008717737
0.006439928,0.00572298
-0.01219756,-0.01233307
-0.005465587,-0.004424125
0.012823122,0.009164818
0.015876206,0.018704897
-0.030069238,-0.029528733
-0.005302876,-0.006101881
-0.004716014,-0.004256978
-0.023897816,-0.022325048
0.000844238,0.004388981
0.020033741,0.020866308
0.008889808,0.008265082
-0.005327869,-0.006890453
-0.010712814,-0.01136283
0.015618492,0.013314682
-0.027680951,-0.02273201
-0.007802615,-0.008455171
-0.005100956,-0.007317786
0.016235847,0.013938009
-0.040361572,-0.033202684
0,-0.002460815
-0.010514786,-0.009775555
0.014168696,0.005240046
-0.024012224,-0.023211563
-0.001789309,-0.002691952
0.006049742,-0.00086237
0.023830735,0.022790535
-0.026539047,-0.025932489
0.011843575,0.010274892
-0.01590106,-0.008300961
-0.007405745,-0.011699598
0.000226091,0.001281805
0.024864376,0.031204533
0.006616674,0.012024456
-0.023006135,-0.012760773
0.004261045,-0.001424882
0,0.010723098
0.013175525,0.00952529
-0.014987877,-0.019661624
0.012978295,0.013343749
-0.018776231,-0.020039047
0.020711391,0.024488993
0.005072783,0.004452716
-0.002413869,-0.001753249
-0.012758469,-0.006242873
-0.010026738,-0.010955967
0.033760972,0.028476698
0.015240583,0.012207524
-0.007720352,-0.009481468
0.02269289,0.024790877
0.009087067,0.010711109
0.00104712,-0.003798166
-0.00209205,-0.000772081
0.011530398,0.010363437
-0.001865285,-0.0004691
-0.011627907,-0.01447795
-0.012394958,-0.013209971
0.001701766,0.002003358
-0.004671905,-0.003638498
0.013228078,0.014424346
-0.021057065,-0.020337802
-0.0012906,-0.001528696
0.00646134,0.008772756
0.008131821,0.01227569
-0.021014647,-0.018292463
-0.012359063,-0.00771794
-0.009440176,-0.006559833
-0.032358156,-0.032000829
-0.004809895,-0.001390821
-0.003222094,0.006192415
-0.019856846,-0.026410273
0.008244994,0.008600401
0.018691589,0.013302394
-0.003899083,0.001356864
-0.031084504,-0.035974421
0.007842205,0.012845412
-0.051874558,-0.04935099
0.033822432,0.047772989
0.031994227,0.034013695
-0.047086247,-0.041744416
-0.00758317,-0.011767889
0.006901651,0.001104174
0.015911873,0.014333945
-0.010120482,-0.001396784
-0.079357352,-0.091409272
0.02882073,0.054524108
-0.010537137,-0.010727205
-0.045454545,-0.044695685
-0.015510204,-0.014831399
-0.036484245,-0.043293373
-0.063396443,-0.058011379
-0.007963247,-0.008280935
-0.026860142,-0.054703028
-0.006345178,0.002689925
0.12164751,0.118056735
-0.043267862,-0.035362902
-0.08955668,-0.084696515
0.054248366,0.054903194
0.001239926,-0.003734827
0.027863777,0.034332268
-0.051807229,-0.041440369
-0.027636595,-0.04768494
-0.003920287,-0.007318955
-0.032141686,-0.032346864
-0.027787191,-0.029724295
0.11049146,0.095349911
-0.002510986,0.004791191
0.033354311,0.024978432
0.001522533,0.013228461
-0.002128306,0.003160099
0.02833638,0.031165721
-0.052148148,-0.054869446
-0.044701469,-0.043294293
0.020615183,0.024100001
-0.013465854,-0.018563769
-0.021774456,-0.022168885
-0.046179402,-0.051503902
0.060954371,0.065051275
-0.048588313,-0.049980658
-0.021048999,-0.022936218
-0.001057455,0.001373966
-0.052223006,-0.06524213
-0.048399106,-0.050692879
0.04342723,0.051846315
0.06111736,0.063342994
-0.00459364,-0.004927012
0.041888534,0.046136322
-0.007836457,0.002278406
-0.075206044,-0.089541273
0.033419978,0.037003573
0.028386633,0.029431131
-0.028301887,-0.031361451
0.040632866,0.044102934
0.039391845,0.041441476
-0.002327128,-0.015409058
-0.003332223,0.011874724
-0.02741558,-0.036751532
0.020281884,0.021790266
-0.017520216,-0.021000282
0.048010974,0.054109318
-0.01210733,-0.006589237
-0.017555482,-0.017055266
0.006743088,0.007704055
-0.021768252,-0.020440474
-0.005135228,-0.007037426
0.002752925,0.002216761
-0.000343171,0.003501055
-0.008238929,-0.01293516
0.020768432,0.026758029
0.00847745,0.016988542
0.043375925,0.034998106
-0.000322269,-0.002479427
0.009993553,0.0149668
-0.028407277,-0.032267657
0.010512484,0.011231013
-0.02243173,-0.028087444
-0.018290655,-0.02086207
0.000338753,0.004996369
-0.030477481,-0.036738228
0.016381418,0.014907804
0.011031307,0.011572628
-0.049626105,-0.057850042
0.042560801,0.045956337
-0.013379074,-0.027578183
0.004867872,0.008053171
0.007266436,0.008243174
0.007214016,0.010368492
0.035129604,0.035606827
-0.025370675,-0.032354977
-0.017579446,-0.020826146
0.012044047,0.012259092
0.015640938,0.014650055
0.001339136,-0.000330314
0.022066199,0.020645087
0.026169447,0.029454063
0.004144087,-9.07E-05
-0.036825397,-0.041925982
-0.00461437,0.003964471
0.012251656,0.007344295
-0.004579653,-0.004762707
-0.039763391,-0.040974661
0.000684463,-0.001791939
-0.015389877,-0.017126047
0.002778743,-0.001086529
-0.034984413,-0.037088939
0.033022254,0.038988759
-0.006601807,-0.011212348
-0.027981812,-0.023765034
-0.009355883,-0.009791321
-0.032328369,-0.039901468
-0.000750751,-0.001373696
0.026671675,0.024840607
-0.030003659,-0.039990342
-0.007921539,-0.004327627
-0.021292776,-0.019391796
0.061771562,0.070683346
0.015367728,0.009956692
0.033153153,0.039798485
0.002441577,0.003814042
-0.016701461,-0.019192428
0.037862703,0.04138776
0.01261507,0.019940455
-0.000673401,-0.005180846
-0.016846361,-0.017650907
0.058944483,0.067592873
-0.018414239,-0.025224046
0.00458277,0.008230635
0.030850016,0.037964103
-0.018783827,-0.026270699
-0.024659312,-0.028067601
0.008649368,0.01784252
0.014841689,0.015072187
0.032174196,0.032885653
0.018576826,0.012019663
-0.002472952,-0.009163878
-0.026340254,-0.028056771
0.016868237,0.018600646
0.030985915,0.03890724
-0.001517911,0.000470815
-0.012161751,-0.016679932
-0.002770083,0.000667644
0.025925926,0.026823724
0.002105897,0.001581296
-0.032122486,-0.03876957
0.013957816,0.022170459
0.003059039,0.001390658
0.009759073,0.003734391
0.017517366,0.025467969
0.001187296,-0.00877546
-0.0074118,-0.003305634
0.013739546,0.02289485
0.010017678,0.003135781
0.002625438,0.001112826
0.019784696,0.025840255
-0.00085592,-0.005031337
0.000285551,0.002938843
-0.023408507,-0.024336742
0.000584624,0.013299628
0.003505697,-0.004426537
-0.012227074,-0.008814822
-0.026819923,-0.030041166
0.01120533,0.015044661
-0.000598982,-0.00534012
0.026071322,0.03108758
0.004672897,0.001728254
-0.003488372,-0.003832096
-0.018378063,-0.018856718
-0.003268945,-0.001906637
0.037268933,0.034526738
-0.006898534,-0.010925728
0.011577424,0.012021428
0.01230329,0.012874902
0.028547202,0.030632374
0.001374004,0.004446752
-0.003018661,-0.00586273
0.011285439,0.013201979
0.001088732,-0.000310978
-0.002990756,-0.003738075
0.007635669,0.00962224
-0.003518268,-0.003706033
0,0.005075302
-0.004617056,-0.001909713
-0.020463847,-0.022816002
-0.009749304,-0.011120201
0.009535865,0.006650015
-0.001922595,-8.48E-05
0.009491904,0.010922703
-0.029867257,-0.033531244
-0.002280502,-0.000721787
0.016857143,0.015570352
0.019668446,0.020759469
0.002204464,0.004783085
0.002199615,0.003190924
-0.001920439,-0.004880305
0.000549753,0.005833903
-0.021978022,-0.026648112
-0.005337079,-0.004998613
-0.024851737,-0.023065169
0.005212858,0.000576249
0.001728608,0.003088011
0.004314064,0.001984897
0.019186712,0.021288555
0.003652711,0.00363889
0.033594625,0.035106961
0.002437703,0.011881494
0.014860848,0.00083363
0.009584665,0.012026776
0.00685654,0.003618352
0.008381351,0.005325453
0.022077922,0.024516533
-0.007623888,-0.003869364
0.007682458,0.000979628
-0.006861499,0.003880593
0.006653019,-0.003875292
0.005846467,0.00848188
-0.0030326,-0.002911342
0.01495564,0.015267434
0,0.001359272
-0.007742258,-0.00869706
-0.008809464,-0.009960121
0.0126968,0.013734064
-0.007021063,-0.003992589
-0.008585859,-0.01126636
0.015537443,0.014821909
0.005517933,0.005350693
-0.011474183,-0.011840381
-0.02901842,-0.02753749
0.014293139,0.013417361
0.006917756,0.006830247
0.011704835,0.010151569
0.01332998,0.015923414
-0.000992802,-0.001444266
0.002981366,0.003101363
-0.001733961,0.000208009
0.00248139,0.001644822
0.000990099,0.000542655
-0.010138477,-0.009710615
-0.018735948,-0.019992666
-0.000763747,-0.000879584
0.006624204,0.008205333
0.021513541,0.018013846
0.009415263,0.009454125
0.008591065,0.011182364
0.00949136,0.011499749
0.00096432,-0.001468746
0.003853565,0.005235506
0.003119002,0.005212811
0.014589811,0.014538375
-0.000235738,-0.002999623
0.00070738,0.002869234
0.003063148,0.00243501
0.001879258,0.00386508
-0.004689332,-0.006907185
-0.008951708,-0.011168747
-0.008794866,-0.00791868
0.017026379,0.019092489
-0.004480075,-0.003137427
0.000710564,-0.00075193
-0.029585799,-0.030586497
-0.002926829,-0.004550525
0.008072407,0.009852401
0.017714147,0.017135908
0.00286123,0.003218518
0.004279601,0.006443573
0.005681818,0.007307289
0.002118644,-6.70E-05
0.000234907,0.000366538
0.013621419,0.015120846
-0.00231696,0.000492999
-0.006502555,-0.007584923
0.010051426,0.009048229
0.000231428,-0.005904837
-0.001850995,-0.005855939
0.003940658,0.006770664
-0.004156084,-0.004994171
-0.003246,-0.005857997
-0.015119795,-0.012026088
-0.022437411,-0.026653835
0.016912298,0.01848482
-0.026847232,-0.024995214
0.004150391,0.002019465
0.00316071,0.003970142
0.001696558,-0.000501856
0.02467941,0.024240677
0.005903188,0.003440653
0.021361502,0.019763418
0.002528154,-0.001321895
0.006419074,0.007355554
-0.005694761,-0.008223394
0.008247423,0.008785072
0.010224949,0.013847327
0.003148898,0.003055924
-0.005538117,-0.004719434
-0.015624648,-0.016524499
-0.005038937,-0.004994156
0.01611418,0.014056493
-0.003398278,-0.003128634
0.004319163,0.003261702
-0.015165233,-0.017181241
0.001149161,0.002879374
0.010330579,0.014560298
0.001363327,0.00427776
-0.004084411,-0.005434735
0.005240374,0.009764819
-0.004759746,-0.002153325
-0.006103393,-0.007542004
0.010036204,0.005007643
0.004990926,0.003273716
-0.003837472,-0.000209113
0.009517335,0.009952373
-0.005611672,-0.004991867
0.001354402,0.002753447
-0.012173129,-0.012159737
0.014605203,0.014515656
0.011246064,0.011783793
0.006005338,0.006716704
0.007296042,0.007578421
0.009218613,0.007075769
0.005219661,0.002358717
-0.004110775,-0.001074543
0.003041495,0.00127166
-0.009096816,-0.009644013
0.014644809,0.017402968
0,0.000136379
-0.006031883,-0.003297453
0.000650195,-0.000447748
0.008230453,0.007445074
-0.004081633,-0.002054394
-0.012510785,-0.013015945
0.012450852,0.01122304
0.000862999,0.003906169
-0.01164044,-0.012409931
0.016139586,0.014166833
-0.014380768,-0.012542445
-0.009364111,-0.01114474
-0.029237195,-0.026662344
0.003396739,0.002500076
0.000902731,-0.003197121
0.00789177,0.008037917
-0.025727069,-0.019013513
-0.017451206,-0.014519017
0.010983875,0.011108545
0.009015257,0.008702222
0.005498282,0.000762115
-0.028935976,-0.029873933
0.008446739,0.007401294
-0.007212657,-0.006990703
0.010311694,0.011676397
-0.002087683,-0.001263197
0.015109252,0.013779606
0.002060911,0.002810391
0.012797075,0.014409813
0.005640794,0.005512499
0.006282253,0.006988727
-0.000445931,0.001002996
-0.002007584,-0.000793951
-0.012963791,-0.012747298
0.010190217,0.010243432
-0.000224165,-0.000707214
0.003587444,0.001811919
0.014521895,0.015775609
0.003083021,0.003179857
0.001097695,-8.35E-06
0.003289474,0.005103426
0.015081967,0.014854427
0.001937984,0.002628519
0.005587793,0.003675179
0.008121393,0.007876771
0.003815985,0.004081188
0.000211193,-0.000313589
-0.002533784,-0.002296354
0.00635055,0.006695313
0.002734539,0.004668762
0.003356409,0.000920645
-0.007108509,-0.007043824
0.009054538,0.008858216
0.006938648,0.008283581
-0.004818403,-0.006804223
-0.001457726,-0.000559657
0.001042753,-0.000945198
0.004791667,0.003935427
0.003317437,0.002656889
-0.004753048,-0.005279952
0,0.001933422
0.009343854,0.011312665
0.002880066,0.00300125
-0.002461538,-0.00231647
0.002261978,0.002325764
0.005949938,0.007078291
0.000815827,0.001625253
0.005094763,0.00339239
0.011962693,0.015781491
0.004407934,0.004339071
-0.011968881,-0.013687333
-0.000605694,-0.00046411
0.005050505,0.008146804
0.005628141,0.001728102
0.005596642,0.005783334
0.00417412,0.004401342
-0.002177356,-0.002843634
-0.021225947,-0.020384684
0.000608026,0.000154026
0.017419486,0.016304955
-0.019759108,-0.020191535
0.014064483,0.015279808
-0.030042059,-0.029806469
-0.00516209,-0.00872562
-0.033416355,-0.034390047
-0.02490874,-0.023263443
0.051970932,0.048172437
-0.001046682,0.000284387
0.018860017,0.020986582
-0.015837104,-0.012628838
-0.01922675,-0.019836982
0.00319625,0.003185307
-0.013806287,-0.015379084
-0.007968986,-0.008131716
-0.037125488,-0.041049823
0.011048478,0.011361725
-0.004014273,-0.006922142
0.000895656,-0.001163879
-0.011185682,-0.006651732
0.037782805,0.037303484
-0.0058862,-0.009017618
-0.009210526,-0.015373861
0.023683046,0.026643288
0.009513514,0.009635091
-0.034215035,-0.036410821
-0.018240284,-0.020398376
-0.001807093,-0.001481747
-0.008372935,-0.005327322
0.028525787,0.027765064
0.009540714,0.011244471
-0.00021978,0.00016514
0.026819081,0.027599258
0.004067651,2.47E-05
0.003198294,0.000535581
-0.001062699,0.001144707
-0.008510638,-0.008941535
-0.007725322,-0.011923091
-0.004108997,-0.003322301
-0.015200869,-0.016325533
-0.001764057,0.002733235
-0.003534349,-0.001183452
-0.038572379,-0.038484242
-0.015217893,-0.012140382
-0.002809646,-0.003719749
-0.002817563,-0.00447042
0.003060984,0.000998897
0.031924883,0.03132952
0.005459509,0.007375643
0.009502262,0.009679236
0.002913492,0.000959942
0.012960894,0.019880252
0.005073902,0.00349446
0.000877963,-0.000337677
-0.027631579,-0.031135864
0.00857014,0.008829464
0.012075134,0.011037432
-0.01369863,-0.015800718
0.02531362,0.026773233
0.006336028,0.010498543
0.008250109,0.011879059
-0.000430663,-0.003556202
-0.007970702,-0.010308294
-0.007383279,-0.005618755
0.002187705,0.00134094
0.018773194,0.018099509
-0.004285408,-0.005112445
0.010071014,0.00913411
-0.002300908,-0.004540136
-0.001494768,-0.001978297
0.006843456,0.007543211
-0.00865548,-0.012347559
-0.027264449,-0.030058801
-0.007929515,-0.008287863
-0.007104796,-0.007659615
0.001788909,0.003863735
0.012767857,0.013012203
0.003923124,0.002884987
-0.015148189,-0.016583762
0.001337494,0.000374356
-0.009795191,-0.009203095
-0.018660072,-0.016600863
0.009621993,0.008489677
-0.012026322,-0.01066336
0.012172715,0.016503142
-0.01043794,-0.015596722
-0.003439578,-0.002795708
0.029912563,0.029748982
0.011170688,0.010654981
0.016570924,0.015395888
-0.006737666,-0.011117148
0.012035011,0.00915596
0.003891892,0.003296526
0.003661426,0.002832057
0.013948498,0.019324509
0.004232804,0.001783418
0.006322445,0.005055063
0.003979058,0.000844452
0.001147267,0.005367006
0.017395562,0.017386499
-0.000202745,-0.002752327
-0.002662843,-0.006254212
-0.000410762,-0.003195511
0.020341073,0.023279402
-0.005436971,-0.004804726
-0.00040494,0.004223932
-0.001620417,-0.001266629
-0.00446338,-0.003338093
-0.001222743,0.000908345
-0.01081412,-0.010914237
0.024339934,0.02359318
-0.00865888,-0.007980603
0.003656307,0.001265833
0.006881198,0.00765298
0.00040201,0.000173597
0.006831425,0.006492969
0.008182,0.009660946
-0.001979414,-0.002395038
0.021221737,0.013712116
-0.003690037,0.004863294
-0.009356725,-0.017594255
0.007280598,0.008398656
0.001953507,0.000933124
0.006823942,0.008020463
0.004841208,0.00462418
0.002698015,0.002586751
0.003075149,0.002451073
0.002107683,0.001714584
-0.002294455,2.64E-05
0.000766577,-0.00102394
0.010723861,0.011482906
0.004547177,0.002957794
0.012259525,0.014618597
0,0.000654073
0.001257686,0.000495742
-0.005350081,-0.006544224
0.004957905,0.006199408
-0.006143535,-0.009021513
-0.016390372,-0.014591022
-0.003713578,-0.001737143
-0.016534455,-0.017073961
0.002915452,0.002613437
0.016085271,0.015559488
0.000762922,0.001753779
0.008385744,0.005642841
-0.015876016,-0.014621937
0.020165162,0.019316364
-0.002861446,-0.003354893
-0.004493279,-0.003605029
-0.012232126,-0.010681928
0.021215321,0.020587489
0.010152284,0.011751657
0.002605621,0.004711326
-0.00046408,0.001368453
0.000650014,0.001410314
0.003711952,0.004199509
0.001017012,0.002909969
0.006650042,0.008007198
-0.00357831,-0.004756835
0.00174954,0.001112952
-0.00432025,-0.003939572
0.007754801,0.007697198
-0.001099304,0.002150653
0.000733676,0.002510864
0.006048387,0.00683585
-9.11E-05,0.001452855
-0.002605448,-0.00215489
0.00051149,0.000631197
-0.001825817,-0.001644329
0.002194988,0.00161509
-0.002372696,-0.001470729
-0.003658983,-0.003794036
0.015607786,0.01464254
-0.000813596,-0.003809704
0.008594952,0.007817732
0.003229279,0.002853825
-0.000894134,-0.002476042
0.003758726,0.001713059
0.001426534,0.003336498
0.007033476,0.007558682
0.000353638,-0.00074571
0.007512152,0.007376287
0.002807018,0.003827476
-0.011371589,-0.014636546
-0.007078393,-0.007728634
-0.007663518,-0.005454628
0.013829023,0.010417472
0.00146147,0.000625906
0.00526246,0.007464476
0.006158719,0.005791433
-0.025358517,-0.024753935
0.004844787,0.004909063
0.01875,0.01893494
-0.001665206,-0.000556359
0.001799666,0.001872743
0.005564562,0.005614586
0.004793028,0.005344493
0.00650477,0.004698642
-0.001637225,-0.002809378
0.001570861,0.000541787
0.007221523,0.006836357
0.002395619,0.002759673
-0.001365654,-0.0042203
0.006512821,0.007597766
-0.000356652,0.002164922
-0.002208631,0.000836761
-0.028946024,-0.027336893
-0.008241277,-0.012047533
0.0052157,0.005487154
0.013982939,0.01578902
0.002062446,0.000461557
-0.016079586,-0.016109718
0.005277973,0.003927017
0.019688484,0.018445572
-0.005105981,-0.00501767
-0.013412688,-0.014017298
0.004021682,0.007379833
-0.006792059,-0.004985072
-0.015605821,-0.018418183
0.006234414,0.005446421
-0.00354045,-0.005288358
-0.014212116,-0.012445857
-0.024148495,-0.018923517
0.00923361,0.007354876
-0.003659652,0.002891839
0.019283747,0.018371608
-0.001891892,-0.003052253
0.005686434,0.005395582
0.017770598,0.014135029
0.002469136,0.002430448
-0.005453906,-0.00451208
0.009729347,0.009745632
0.004730203,0.007236113
0.001394943,0.001542125
0.000522375,0.003065935
-0.003306648,-6.42E-05
-0.002619172,0.000720232
0.00245098,0.003095107
-0.000698568,-0.001310351
-0.00471863,-0.005615931
-0.00333626,-0.003127406
-0.006871036,-0.009639628
0.008515168,0.006122491
-0.001759015,-0.000447343
-0.001762115,0.00160569
-0.0070609,-0.010587389
0.006222222,0.003523227
0.022526502,0.020968955
0.008034557,0.006298768
0.002571135,0.002029605
0.00564199,0.007681527
0.006800408,0.007884576
-0.001519757,0.000995522
-0.000845594,0.000380745
-0.001861882,-0.003290877
-0.004748177,-0.007818184
-0.001533481,-0.004416
-0.005460751,-0.004762175
0.003260124,0.00459075
0.003762613,0.005576388
0.008519339,0.01008658
-0.007349214,-0.009283598
0.006042039,0.006343118
-0.011842328,-0.012066474
-0.01730868,-0.016305126
0.002804927,0.000673989
0.008339124,0.011453482
0.002929014,0.003001606
-0.007644735,-0.007062858
-0.014628235,-0.015822189
-0.006148981,-0.004615737
0.003888987,0.005659232
0.00618947,0.007813539
0.00504887,0.005086294
0.016193627,0.013747336
-0.02176148,-0.02309307
0.002101944,0.001495922
-0.015032337,-0.014607585
-0.008163265,-0.011051779
-0.001789229,-0.000365775
-0.007169744,-0.009607711
0.001715111,0.003557354
-0.015229341,-0.015300953
0,-0.001456309
0.012811127,0.014791148
-0.018973618,-0.017629117
-0.003868116,-0.002915202
-0.005362426,-0.00275153
0.005205429,0.005054193
0.021453671,0.021947658
-0.007224335,-0.00669646
0.00928307,0.006579411
-0.017347308,-0.012603423
0.015906583,0.013342557
0.014933478,0.015337434
0.004102015,0.004120377
0.013321492,0.012056302
0.015074496,0.015410819
0.005007771,0.003535269
0.003264605,0.00293013
0.013700976,0.013638416
-0.002703159,-0.004470778
-0.018126376,-0.019927554
-0.007591442,-0.007388534
0.004172462,0.005414399
-0.011599723,-0.012243772
0.013312314,0.009821082
-0.005358686,-0.008842037
0.022766771,0.022210427
-0.004248088,-0.0043469
0.00665529,0.007190661
0.010340736,0.008609674
-0.002013423,-0.005607421
0.002437794,-0.000982861
-0.025744235,-0.02644742
0.001721467,0.000605652
-0.003265166,-0.003556904
-0.004655172,-0.004269187
-0.025290144,-0.027452284
0.009596588,0.009349154
-0.046470692,-0.050690939
-0.006276537,-0.009356278
-0.060189485,-0.06894145
0.048230876,0.052956868
-0.040920234,-0.04084523
0.04404247,0.046931508
0.008851224,0.00615829
0.01474706,0.018830302
-0.008462104,-0.011967126
-0.00593692,-0.004724937
-0.04908548,-0.052176158
-0.018056919,-0.016190465
0.003597841,0.001512495
0.041226847,0.042930851
0.007842387,0.008964821
-0.016321883,-0.019468184
0.025081999,0.024894107
0.027856202,0.033233201
0.006592199,0.005503087
0.001637257,0.001345453
-0.009081003,-0.012944878
-0.023460411,-0.025808736
0.000187688,-0.002612894
0.025333083,0.030476299
-0.004575403,-0.007755737
-0.022246737,-0.024173156
0.012786762,0.011069381
0.013367991,0.014899927
0.014290949,0.01596796
0.014812139,0.013446679
0.007297971,0.005848985
0.000353419,-0.00358781
-0.004416181,-0.008646061
-0.017388219,-0.020012977
-0.032502709,-0.03250971
0.010638298,0.011224915
0.011634349,0.013474633
0.010405257,0.011974886
-0.014814815,-0.021590955
-0.011920044,-0.004332854
-0.02579807,-0.026344867
-0.025719185,-0.032852446
0.020531873,0.029640465
0.025675417,0.02318275
0.016813002,0.018827837
-0.006614,-0.010876036
0.034584797,0.034970249
0.006792992,0.006615832
0.004971591,0.008417985
0.009187279,0.005962653
0.018557423,0.018208126
-0.015469233,-0.019838199
0.012395251,0.01625637
-0.019313675,-0.020078393
-0.00492351,-0.002075646
0.012546386,0.014949734
0.020767888,0.023510325
-0.019661481,-0.022601816
-0.001220788,0.004651924
0.027588615,0.033216276
0.001529312,-0.000476248
-0.016796742,-0.019244085
-0.026056946,-0.028827872
0.008504607,0.012729249
0.02073085,0.022288478
-0.005163511,-0.004366068
0.007093426,0.00341111
0.01151005,0.012046181
-0.03515625,-0.038737382
-0.000528076,0.001355561
0.018844664,0.020416619
-0.00622299,-0.008026351
0.011132371,0.011429438
-0.016514708,-0.017189408
-0.023438867,-0.019524109
-0.007701952,-0.005977488
-0.019133574,-0.018885311
0.003312477,-0.000723919
-0.022560528,-0.024259581
-0.007693751,-0.007534972
0.034795764,0.035198705
-0.00621345,-0.004617585
0.036962118,0.041710103
0.00691612,0.002248074
-0.002817894,0.000281716
0.010950194,0.01097671
-0.002795248,-0.002327369
0,-5.30E-05
-0.0168185,-0.019925276
0.016037063,0.019439535
-0.011224132,-0.01304394
-0.010996807,-0.012556771
-0.015602582,-0.015479
-0.002732738,0.000774319
0.002192181,0.005666578
-0.009843237,-0.012580874
0.029639175,0.032031018
-0.014303594,-0.009872265
0.008525304,0.008333122
0.008633094,0.007389216
0.002853067,0.002505773
-0.01155761,-0.013314079
0.007195539,0.009182534
-0.002857653,-0.003204876
0.019165323,0.016819522
0.004217926,-0.000123654
0.008225411,0.00811974
0.00347162,0.001647319
-0.003286629,0.000951774
0.007289136,0.009693974
0.00206754,0.003071043
0.003954608,0.005149906
-0.003596506,-0.005147559
0.00910966,0.006423732
0.013285641,0.015265736
0.006219533,0.00672592
-0.001503508,-0.000583873
0.000334616,-0.000906539
-0.001839773,0.00089728
0.012567024,0.011382218
-0.003475095,-0.004614521
0.00298904,0.004075602
0.000827815,-0.001557855
0.001323408,0.000682001
0.008095159,0.012257681
0.003113733,0.004019995
0.013723248,0.016378696
-0.000805802,-0.001219791
0.002096774,0.000728257
0.005311444,0.00412164
0.007204611,0.003905899
-0.00691464,-0.007937928
0.009203681,0.009588851
0.002537669,0.000545373
-0.006960924,-0.005406129
0.013700812,0.015133548
-0.003143171,-0.002708812
0.002837774,-0.001035184
-0.004559032,-0.005219309
0.006632975,0.00817108
0.003451522,0.002290846
0.001407129,0.000825972
0.010148322,0.006974019
-0.004482226,-0.006528444
0.007918025,0.007452982
-0.000770179,-0.004275561
-0.010328349,-0.008565868
-0.009813084,-0.013607251
0.007708038,0.008909915
0.010771152,0.011843901
0.004169884,0.006033415
0.000461396,-0.001506339
0.018601076,0.018932767
0.003471174,0.000285672
0.002857573,0.005165197
-0.00239952,-0.000351335
0.007065544,0.007606782
0.001791312,-0.001352757
0.000149009,0.00040091
-0.002085816,-0.003901234
-0.000612123,0.0015026
0.017493539,0.017812417
0.001468213,-0.000705649
-0.003987685,-0.004850273
-0.00379758,-0.003078894
-0.001920804,-0.001221487
0.010362694,0.009198026
-0.00029304,-0.00184917
-0.013630368,-0.014607927
0.006240713,0.004061294
-0.00753101,-0.01078025
-0.016069037,-0.018331342
0.004838954,0.008449166
0.011361926,0.012966681
-0.015103043,-0.014471418
-0.011179937,-0.007614685
0.020320856,0.018213105
-0.002545672,-0.003723458
-0.011259571,-0.00787804
-0.00273307,-0.002364492
-0.009135201,-0.009996703
-0.005377996,-0.002978397
0.026571914,0.022978219
0.005869074,0.006989367
0.00598444,0.006124103
-0.007138608,-0.007385066
0.001647693,0.001344654
0.002841334,0.003110881
-0.010587534,-0.011371191
-0.024868124,-0.022380901
0.000927357,0.000514278
-0.003705991,-0.003856682
-0.003084315,-0.003900104
-0.00203666,-0.000340053
-0.000155788,8.58E-05
-0.009348707,-0.010563391
-0.003302925,-0.002628079
-0.006785545,-0.006777564
-0.021131236,-0.02090928
-0.012984905,-0.012372261
0.027955928,0.024652021
-0.001119821,-0.002818331
0.001921845,0.003919393
-0.006553708,-0.003760222
-0.001287208,-0.000649856
0.012727566,0.011800253
-0.008431435,-0.011484105
-0.004331782,-0.003523347
-0.026603287,-0.028230417
0.007631313,0.004564259
0.004107114,0.006565489
0.022905759,0.024336751
-0.00399872,-0.004812603
0.009635458,0.009681622
-0.016939717,-0.017023925
0.01221584,0.011889452
-0.006873402,-0.008513412
0.003701915,0.006310211
0.01010263,0.012859741
0.009366566,0.007860336
0.010364895,0.011989606
0.00079391,0.000254239
-0.02488723,-0.024349948
0.010527995,0.0116582
-0.01925809,-0.019448915
0.006277161,0.006312825
0.006078055,0.007662923
-0.011128776,-0.008970831
0.031511254,0.030128806
0.002961347,0.005619296
0.008391608,0.008429145
0.000616428,1.25E-05
-0.012474973,-0.013017877
-0.001871491,-0.001885131
-0.00984375,-0.010040218
-0.005523118,-0.004867413
-0.009362107,-0.007539826
0.015217043,0.014752672
-0.002840013,-0.003957691
0.005221519,0.004522692
0.013536912,0.011195068
0.011026557,0.0079215
-0.01328725,-0.013654062
-0.012065074,-0.012010904
-0.007878979,-0.009397788
-0.006670902,-0.003035562
0.013271506,0.013675542
0.023670507,0.022482931
-0.000770772,-0.004082557
-0.000308547,-0.002138075
-0.002932099,-0.00654507
-0.00355982,-0.003561701
0.018949984,0.02029561
0.007621951,0.007473561
0.008320726,0.008690243
-0.000450113,-0.001452341
0.003002101,0.003013899
0.000598623,0.000797392
0.00239306,0.000569112
0.000447628,-0.001401986
0.002535421,0.004667531
0.01190122,0.010388798
0.004410468,0.00464054
0.0014637,-8.76E-05
-0.003946215,-0.002883419
0.004108584,0.002092361
-0.008183545,-0.006584275
0.006188301,0.005374725
0.001610778,0.001134548
0,0.001284364
0,0.001397407
-0.010087719,-0.010524698
0.00664599,0.005994535
-0.001026995,0.002640288
-0.001028051,-0.001700192
0.022199353,0.021719665
-0.001438228,0.000198368
-0.012818666,-0.010283492
-0.001604902,0.000194408
0.002951922,0.003274384
0.013521389,0.013340924
0.008913168,0.008915099
0.000427472,-0.001539287
0.000854579,-0.000262783
0.001850007,0.001612159
-0.000994318,-0.0020936
-0.002559363,0.001262302
-0.005915895,-0.006032148
-0.013981501,-0.013620202
-0.00814427,-0.007578328
0.013782991,0.013910717
-0.008244142,-0.006493122
-0.001458364,-0.000771166
0.002920987,0.002246749
0.006407456,0.004884793
0.003472725,0.004538556
-0.005335256,-0.004199961
-0.009133082,-0.007598321
-0.015959034,-0.015202723
-0.005043176,-0.004255049
-0.003138075,-0.000765899
-0.000449708,-0.001736761
0.00734853,0.0065935
0.014143219,0.012077514
-0.000587199,0.000954073
-0.011603995,-0.010066482
-0.023926289,-0.021883093
0.005176614,0.003770953
-0.009542563,-0.008777108
-0.003456186,-0.002924729
-6.14E-05,0.001499316
0.002915899,0.000614979
-0.006120888,-0.003420661
0.014209392,0.014396153
-0.010670549,-0.012515352
0.006598128,0.006181515
0.001829268,0.004110114
-0.023584906,-0.02417811
-0.015739442,-0.014186321
0.004274858,0.003244094
-0.000157654,-0.00021366
-0.006937874,-0.006455831
-0.011749762,-0.012774045
-0.003375643,-0.003434012
0.004354352,0.005749602
0.02376565,0.022120707
0.000304168,0.000345992
0.002037618,0.003392089
0.015172845,0.013772319
0.004329738,0.003378368
-0.003390559,-0.002847798
0.00862069,0.008156241
0.005952381,0.007128454
-0.001668942,-0.000586507
-0.001975684,-0.002654655
-0.000609106,-0.001836095
-0.011074204,-0.007465911
0.006421871,0.005280064
-0.005970606,-0.003749014
0.002926228,0.003002425
0.013052826,0.011843735
-0.002122177,-0.002352646
-0.007882424,-0.007010184
-0.009509869,-0.006948498
0.013294172,0.013235436
0.015212815,0.014652397
-0.00430822,-0.003309225
-7.55E-06,0.001984844
-0.015997585,-0.009631956
-0.001993865,-0.002676078
-0.008759797,-0.007448727
-0.001550388,-0.001242017
-0.009627329,-0.008445084
0.021168078,0.020000936
0.031781004,0.030720669
-0.005177083,-0.003750853
-0.003322259,0.000354456
0.000306168,-0.00091709
-0.001956477,-0.002250124
0.003758268,0.00452832
0.005990714,0.005135326
0.001339884,0.001248428
-0.004460303,-0.002603066
-0.004928315,-0.002153653
0.004052229,0.002187989
0.004783259,0.005921629
-0.002231479,-0.00041228
0.001640078,0.002701548
0.006103007,0.003349473
-0.013759432,-0.007382311
0.00510051,0.00617457
0.002238806,0.001460137
0.00014892,-0.000140531
-0.002084574,-0.003554759
-0.002238138,-4.11E-05
0.011813967,0.011763634
-0.017440142,-0.015060022
0.014741276,0.013234878
-0.003261192,-0.000928427
0.000892326,-0.000506885
0.0102526,0.009093585
0.000294161,-0.000508349
-0.004117042,-0.001699211
0.003543481,0.003317364
-0.000294247,0.000579918
-0.002943341,-0.00203286
0.007232472,0.00721474
-0.01538687,-0.015269913
-0.01071588,-0.01039412
0.010064691,0.009687874
-0.012347518,-0.014408415
0.00377017,0.004315904
0.010201322,0.010515123
-0.002067253,-0.000635418
0.004172876,0.003033282
0.00445236,0.003884816
0.014775414,0.01323431
-0.002475248,-0.00033161
0.002627354,0.003028379
0.001164653,0.003800417
0.002908245,0.002686859
-0.003624764,-0.003229187
-0.001309662,0.000934951
0.003351304,0.004267231
-0.005082777,-0.003024974
-0.002189461,-0.003374431
-0.001901697,-0.002620482
0.007020372,0.007776551
-0.01133767,-0.009698047
0.009715884,0.006951729
-0.003644846,-0.002989159
0.005414106,0.00548659
0.001324407,0.001330891
0.00245636,0.003376534
-0.006814557,-0.00857076
0.007883212,0.004846917
-0.009125145,-0.011123842
0.000292355,0.002171407
-0.008315066,-0.00654578
0.005290226,0.005755598
0.006742891,0.004842691
0.019437973,0.018376091
-0.000357066,0.000887847
-0.000714388,-0.001576064
-0.019731198,-0.023812384
0.013273046,0.014968517
-0.019504822,-0.018357161
-0.013888277,-0.011938412
0.013711682,0.012536196
0.010280511,0.008576531
0.009594418,0.011068629
-0.000431965,0.000109812
0.005329876,0.006222022
-0.003152314,-0.003175713
0.009199368,0.008499291
0.007263923,0.006604637
-0.00466629,-0.008878357
0.012643841,0.012604093
0.011784512,0.011606924
0.003882418,0.004302996
-0.000552486,0.001141645
0.004836926,0.004929751
-0.001423463,-0.000606458
0.006108269,0.008047856
0.001232033,0.000695622
0.005195515,0.007363124
0.002040261,0.002669993
-0.001085924,-0.00181849
0.00964805,0.009748103
-0.001480485,-0.000706454
0.001078312,0.001705624
-0.008765316,-0.011079482
-0.002295603,-0.001042628
-0.000544588,-7.70E-05
0.006538619,0.008602693
-0.004736771,-0.006046099
0.005303236,0.006896223
-0.00919789,-0.010132717
0.001774744,0.002865459
-0.005178523,-0.005802011
-0.013013699,-0.012620836
0.004857738,0.006674587
0.013674033,0.013196292
0.000408775,0.001315678
-0.009942795,-0.010564469
-0.011555922,-0.010327239
0.012665275,0.01324287
-0.006597031,-0.006315066
0.00968456,0.008379746
0.008221431,0.008708995
-0.011144333,-0.011193627
-0.02384552,-0.022816648
-0.008377332,-0.002196339
-0.009938946,-0.010869149
0.007313925,0.008174402
0.008969248,0.008727817
0.004233103,0.007681874
0.001405086,0.000407332
0.006173706,0.009456501
0.000418352,-0.000296504
0.004056314,0.002995308
0.007621718,0.010373682
0.000964453,0.001589909
0.006056435,0.005591387
0.00574634,0.004814212
0.019861243,0.016350861
0.004401761,0.006085479
0.002257636,0.002066332
-0.00132503,-0.002494317
0.002520897,0.003206623
-0.002514558,0.000358258
-0.010348945,-0.006550473
0.002949457,0.003561448
-0.007351958,-0.005862032
0.003231888,0.000105068
0.006308725,0.007151533
0.005335468,0.002218508
-0.001857503,-0.00381287
0.005317028,0.00487734
0.001851117,0.002761569
0.010162333,0.013625673
0.005617978,0.003774781
0.000649604,0.001175649
-0.005972475,-0.007316213
-0.001828631,-0.003168633
0.00497252,0.004739206
-0.004036458,-0.002457058
0.002353249,0.002695904
0.005608452,0.00432881
-0.003761349,-0.003977072
-0.01692488,-0.017197147
-0.000331082,-0.000921753
-0.001788435,-0.00378191
0.004379562,0.006896041
-0.003435518,-0.003813341
0.009811721,0.010845402
0.006696429,0.005248776
0.000521716,-3.25E-05
-0.020466693,-0.021609566
0.003859462,0.004216279
0.007026382,0.007520751
-0.006450764,-0.008294013
0.005697628,0.006346478
0.010671937,0.010155191
0.001694694,0.00269387
0.001171265,0.000380231
0.011698947,0.012675384
0.004882436,0.006170706
-0.001917913,-0.00096938
-0.000640533,-0.002390182
0.000640943,0.001684277
-0.002690238,-0.001152921
0.006679512,0.007501403
0.011994386,0.010135036
0.002395663,0.001521084
-0.006477987,-0.003868164
-0.001962398,-0.002499103
0,0.000789761
-0.003425092,-0.001872077
0.007764766,0.007195837
-0.001263105,-0.00150231
-0.002402934,-0.002580992
0.010141988,0.012489693
-0.000376506,-0.000761695
-0.011676083,-0.010662269
0.008638211,0.00885822
-0.008312343,-0.009815553
-0.019304039,-0.020024594
-0.003108003,-0.004541663
0.021174331,0.022565775
0.007887037,0.00827664
0.00706803,0.006173405
-0.003885199,-0.005572306
0.011323603,0.011975889
0.005722817,0.006189775
0.016204849,0.013240707
0.002191114,0.001474027
0.001457549,0.002428215
-0.006064281,-0.005707956
0.004392923,0.005604988
0.007168023,0.003665408
0.000241255,-0.000809242
0.001688374,0.003163007
-0.000963159,-0.0054247
-0.002289708,-0.00274924
0.000241575,0.00059941
0.0014491,0.003727168
0.001085253,0.001065927
-0.000240906,-0.001473079
-0.018795181,-0.018925041
0.013506876,0.016055355
-0.001574994,0.000139838
0.001577478,0.000163121
0.012115338,0.011719505
0.003112282,0.001973613
0.001909308,0.003334973
-0.009766556,-0.009252366
-0.002886697,-0.003953776
-0.002412545,-0.002516319
0.010157195,0.012245639
0.005386641,0.005669409
0.002381236,0.000756689
0.005226274,0.005838776
0.006971523,0.006863206
0.005984511,0.003744296
-0.002916132,-0.003597745
-0.000818905,-0.001986919
0.000936658,0.000271175
-0.0012867,-0.001177031
0.007261654,0.007310266
0.004069767,0.001542607
-0.000694847,-0.002013286
-0.012863599,-0.013878811
-0.002582766,-0.001309911
-0.001294727,0.000659236
0.005539187,0.007146521
-0.001992499,-0.001441796
0.011626541,0.011548758
-0.002786162,-0.002922011
0.006984866,0.011484075
0.010520231,0.010762675
0.000457614,0.001646451
0.003316181,0.002831015
-0.002507408,-0.002387533
-0.001485375,-0.000484792
0.006522485,0.00539894
-0.007844475,-0.007875924
-0.007218976,-0.002688687
-0.003693444,-0.004405714
0.009267841,0.009610484
0.0021809,0.003006925
-0.003321498,-0.002242962
0.003217651,0.004443372
-0.014776632,-0.014694772
0.01906755,0.016948251
0.008214489,0.0076443
0.000113161,0.000903956
-0.005657389,-0.005001837
0.007624033,0.006712051
0.002597403,0.00408968
-0.003379139,-0.005686334
-0.019665461,-0.021497013
-0.009684113,-0.010794758
-0.000582072,0.003524428
-0.010716366,-0.011267919
0.018485812,0.017746874
-0.00265896,-0.004648356
-0.0229512,-0.026052874
0.007355558,0.008705308
-0.002590979,-0.004731002
0.012752391,0.011882591
0.017838405,0.016947973
0.005727377,0.005420545
0.011389522,0.010440196
0.001914414,0.002524424
0.007418231,0.009393995
0.002008256,0.000815801
0.004899232,0.007196791
-0.006869806,-0.008137838
0.004685931,0.00701074
-0.001332593,-0.000963796
0.005337485,0.006955842
-0.001106072,-0.001239969
-0.000885838,0.001095074
0.002327386,0.006296148
-0.001105705,-0.002500595
-0.007416427,-0.007047518
0.012713282,0.017462029
0.002753001,0.001457022
-0.000878542,-0.001275388
-0.004946142,-0.003653396
0.000883685,-0.000354512
-0.004304161,-0.006253384
0.003768566,0.003853772
-0.014134276,-0.014529215
-0.006832437,-0.00351776
0.008796662,0.008178531
0.012073784,0.012480612
-0.00541257,-0.005928348
0.002776544,0.002716915
-0.014287296,-0.00984029
-0.008764045,-0.011781541
0.003287236,0.001869738
-0.012879901,-0.014305043
-0.005619778,-0.005202852
0.001968255,0.001106023
0.007122343,0.010498889
0.017565872,0.016607671
0.002578186,0.001984812
-0.007938283,-0.009045735
-0.026597543,-0.025947898
-0.009494037,-0.011621864
0.009234366,0.00816502
0.017141533,0.01732478
-0.030972444,-0.031022806
-0.011633373,-0.013405397
0.007846867,0.005757665
0.003304235,0.002857834
0.013285111,0.012910333
0.000232072,0.002277383
0.007424594,0.006355081
0.007945647,0.009684098
-0.008796984,-0.008274389
0.009566621,0.005179134
-0.01598356,-0.017529716
0.003248637,-0.000225205
0.007979646,0.007185885
0.002638825,0.002703714
0.002975169,0.003175641
-0.001825442,-0.000849734
0.005257744,0.003622151
-0.01296191,-0.013788698
-0.002879853,-0.003185401
-0.000924214,-0.003445689
0.003700278,0.005044111
0.016474654,0.01771851
0.000680041,-0.002812946
-0.005210103,-0.007100535
-0.007913014,-0.00757393
0.006598956,0.00524389
0.006954737,0.008632123
-0.003623188,-0.006964021
0.009545455,0.00849869
0.004389914,0.00554193
0.007284546,0.007579248
0.012472185,0.012263996
-0.003087878,-0.002759634
0.006393298,0.00544652
0.000109529,-0.001253366
-0.000985653,-0.001156596
-0.0004385,-0.000723442
0.003728888,0.004210995
0.008413462,0.010526001
0.005742767,0.005914212
-0.000754148,0.003441214
0.001725067,0.000422403
-0.000215262,-0.001197697
-0.009042954,-0.007895866
0.002933188,0.003052279
0.000866551,0.002441543
0.000541126,0.003742553
0.005624662,0.0059064
-0.000645369,-0.000802011
-0.001506835,0.00199832
0.000215587,0.000147344
-0.000969932,-0.004191428
0.006364617,0.006788688
0.000535963,-8.28E-06
0.004392543,0.0043256
0.001706667,0.002421382
0.010967948,0.011471214
0.001685275,-5.89E-05
0.006309148,0.006341644
-0.003030303,-0.007663005
-0.012053244,-0.013478197
0.007426268,0.006377272
-0.003159225,-0.005166253
0.006444116,0.004391451
0.005982996,0.005646379
-0.003443239,-0.005410655
0.003978641,0.002178497
-0.013254771,-0.014121264
0.015863621,0.015743634
-0.001248439,-0.001680164
0.006354167,0.007077983
0.006386502,0.003980702
-0.001100517,-0.000352347
-0.003912685,-0.005041962
0.00031011,-0.001046485
-0.001756743,-0.000438191
0.003933747,0.004618311
-0.020210353,-0.020825891
-0.003683435,-0.003907197
0.006865955,0.007195802
-0.007658414,-0.006863409
-0.000740036,0.000559608
-0.003173931,-0.00414377
0.007217151,0.008317849
0.005900948,0.006967537
-0.000419024,-0.002666974
0.010584783,0.010279946
0.005185108,0.004310134
0.00484886,0.002686337
0.007700205,0.009719481
0.005603668,0.004678487
0,-0.00021975
0.002026342,0.00125285
0.001516684,0.001424905
0.003533569,0.004178956
0.001006036,0.002923216
0.000201005,-0.00017413
-0.001105305,-0.002590633
0.00372196,0.005061779
0.002906394,0.003912944
-0.005895873,-0.005502393
-0.000904704,-0.002218672
0.005030687,0.004520538
0.001902092,0.002130736
-0.008293365,-0.008703664
0.008261965,0.00759643
-0.00079944,0.001224005
-0.00510051,-0.005262101
-0.009650181,-0.010643203
0.008729192,0.007495184
0.001509358,0.002084707
0.007535416,0.006859276
-0.002991623,-0.002965485
-0.00930186,-0.011376174
-0.002725896,-0.004194375
0.010730917,0.010344662
-0.021033654,-0.0194179
0.010640475,0.010324132
-0.001316056,-0.001309876
0.001419159,-0.002615166
-0.015993522,-0.015844738
0,0.001836771
0.009875527,0.010260123
-0.002139146,-0.004634863
-0.014189465,-0.015622211
0.019467744,0.019057351
-0.01615033,-0.020199059
-0.024984514,-0.023314405
-0.015671326,-0.014634394
0.000107573,0.003207478
-0.006453695,-0.002739867
-0.006279095,0.000492902
0.013182264,0.009733236
0.014946237,0.013536332
0.02627397,0.023956683
-0.005161557,-0.008274311
0.015046176,0.015963246
0.008178287,0.006944304
0.000709795,0.000495623
0.015097781,0.017473132
-0.003693352,-0.003206219
0.002103998,0.003784389
0.013797241,0.014156747
0.00295858,0.001790482
-0.003343166,-0.003286419
9.87E-05,-0.000406297
0.003156752,0.004306933
-0.000885043,-0.001241397
0.003543307,0.004221711
0.003138486,0.001922532
0.001759875,0.00320259
0.004294359,0.001132962
0.003109815,0.001804518
-0.003003294,-0.003737246
0.007482266,0.007152902
-0.004533179,-0.005657899
0.004456932,0.005670804
0.001929198,0.002374445
0.007798209,0.008916561
0.001528468,0.000735848
0.006486074,0.006272848
0.004643669,0.000913404
-0.011319687,-0.013410077
0.004007251,0.006020914
0.001805569,0.00398676
-0.000474293,-0.001032857
9.49E-05,0.002375948
-0.0071171,-0.00834042
0.003153971,0.005455555
-0.015720274,-0.017236716
0.004743006,0.005209366
-0.01088632,-0.011568916
-0.01032434,-0.010391145
-0.016041728,-0.012447646
0.018203641,0.021241429
0.024066798,0.022433621
0.000671463,0.003577814
0.002492331,0.003368366
-0.003537961,-0.003285431
0.000863641,0.001790912
0.007094919,0.006994155
-0.000190404,0.000129351
-0.006665397,-0.006101195
-0.010256902,-0.008660115
-0.003002421,-0.001812976
-0.014668739,-0.015620295
-0.013408262,-0.012859483
0.012890976,0.012593554
0.0191397,0.018439428
-0.006582769,-0.006774375
-0.010426817,-0.008365837
-0.000295421,-0.000685495
-0.005516154,-0.004741855
-0.012975436,-0.014763185
0.011741094,0.013906487
0.007934934,0.004415783
0.005117103,0.002703226
0.018504014,0.017781226
0.002210901,0.001573755
-0.001150969,0.002921071
-0.025926637,-0.018917501
-0.005126183,-0.00920439
0.009611574,0.009841388
-0.00775346,-0.01026852
0.008704253,0.008954801
0.009609727,0.010968506
-0.000874126,-0.002144758
0.008651696,0.010670484
-0.006071704,-0.004304345
-0.003199845,-0.003869602
0.015564202,0.013139203
0.003639847,0.002937716
0.011643443,0.011772665
0.008584906,0.007525593
0.000935366,0.001498288
0.001401738,0.001455663
0.004945875,0.003777756
0.006685858,0.006351085
0.001014667,0.001019777
0.000737191,0.001464662
-0.002486188,-0.000137564
0.005077079,0.004217996
-0.004408523,-0.004878093
0.00904059,0.009073963
-0.004662644,-0.005619107
-0.003857812,-0.00252032
0.001751959,0.003199988
-0.011321797,-0.01108485
0.002886137,0.003125194
-0.018566654,-0.016681247
-0.005769958,-0.001956842
0.006564551,0.008993549
-0.004347826,-0.004387818
0.012910575,0.011874784
0.001593252,0.001609816
0.009825021,0.009215625
0.00148258,0.001918998
0.004163583,0.006820637
-0.001934949,-0.003073435
-0.003600443,-0.003238939
-0.022885203,-0.023653074
-0.003413617,-0.002668446
0.003996194,0.005848223
0.01146702,0.011593537
-0.010587464,-0.009246985
-0.005208333,-0.004212078
0.000666349,0.001384195
0.008181126,0.00621843
-0.001698434,-0.001439503
0.007939509,0.008336642
0.006282821,0.004802424
0.00410027,0.004304593
-0.0025058,-0.001540782
-0.002884258,-0.002194996
0.00625175,0.006794373
-0.00139095,-0.000641692
-0.015600334,-0.015171951
0.014998585,0.012732137
0.004275093,0.003904157
0.00545993,0.00420783
0.003773585,0.004152738
0.013570512,0.007143086
-0.00253302,-0.006249305
-0.001995284,-0.000891019
-0.006270447,-0.006205387
-0.01572931,-0.016340576
0.013193348,0.012957417
0.001650619,0.002314341
-0.016295889,-0.015275182
-0.006886924,-0.003964373
0.005997563,0.005726601
0.012482534,0.01172912
-0.003864201,-0.001971049
-0.004525723,-0.003392803
0.002041195,0.001155821
0.01462963,0.013893467
0,-0.000456533
0.004380361,0.005976733
-0.001090314,-0.001229584
0.000636711,0.000376758
0.005181347,0.003775006
-0.000994755,-0.000262464
-0.011496334,-0.011088049
0.016117216,0.014724145
-0.002253064,-0.001643492
-0.005961521,-0.005478532
0.003362108,0.00265267
-0.003169716,-0.00125933
0.002998092,0.004519173
-0.007608696,-0.007860228
-0.002373129,0.001858802
-0.010155535,-0.009186563
-0.00166374,-0.001528034
0.013702435,0.012655965
0.001461321,0.001198757
-0.008207934,-0.006064197
-0.004965517,-0.004162084
0.005452361,0.005088061
0.002757353,0.001864686
0.014573786,0.013444275
-0.007227392,-0.003105682
0.007371007,0.007225388
0.000813008,0.001192695
-0.005144869,-0.007284833
-0.001996008,-0.001988948
-0.006636364,-0.006092666
-0.023611238,-0.023929276
0.003561721,0.005752723
0.007938732,0.005407241
0.000277984,-0.000771882
-0.002315887,-0.003445754
0.002506964,0.0011071
-0.017412244,-0.01752732
-0.000565558,0.002577762
0.015278695,0.015299429
0.017556897,0.014776754
0.006572941,0.006582294
0.001088337,-0.001154501
0.014132995,0.012600016
0.014740039,0.009095199
0.003433401,0.001672681
-0.000614143,-0.002056038
-0.01132473,-0.006977072
-0.003729355,-0.004814528
-0.009803922,-0.011217477
-0.008280828,-0.009600611
0.008622254,0.00981096
0.003779358,0.004503228
0.004751233,0.003389872
-0.001159886,-8.90E-05
-0.003126396,-0.002500428
-0.00188172,-0.001869519
0.007720621,0.006909832
-0.016035635,-0.01583232
-0.001267542,-0.002518352
0.011422355,0.011564345
-0.012817066,-0.012731804
0.003450154,0.001582908
-0.001628664,-0.002009653
0.001540692,0.002921908
0.008325038,0.008671073
-0.005115319,-0.005978745
-0.006584882,-0.007951854
-0.027694543,-0.028189089
-0.043705641,-0.03514288
-0.038476563,-0.03815577
-0.003757871,-0.004346031
0.050361913,0.042445671
0.025332427,0.024535499
-0.000189322,0.003280741
-0.012402954,-0.010622913
-0.031252996,-0.029392389
0.028203859,0.024625109
-0.004908566,-0.003464512
-0.011896702,-0.010420227
0.028191073,0.027374439
-0.011233816,-0.011447432
0.010880031,0.008365103
0.005524336,0.005523019
-0.003031164,-0.003315253
0.011781473,0.011403062
0.005634332,0.005928625
0.000373518,0.000977712
-0.016615327,-0.013632604
0.003132416,0.000359084
-0.014950795,-0.014948433
0.000768492,-0.000820844
-0.003647533,-0.003836884
-0.008477842,-0.01012642
-0.028468714,-0.030289685
-0.00520052,-0.005850816
0.023022017,0.022793476
0.00452044,0.001655075
0.01751125,0.017440301
0.014325546,0.015701363
-0.004739336,-0.006875696
0.006,0.00903734
0.003976143,0.004100744
0.004526167,0.004093278
0.002440627,0.001691647
-0.006461279,-0.008680197
-0.001602262,-0.002857914
0.016425942,0.018244114
0.004179437,0.003405209
0.005734369,0.003845043
-0.005149899,-0.00499361
-0.006100943,-0.008366892
0.020368304,0.016517032
0.027982864,0.022737586
0.000620677,0.000569689
0.002038104,-0.000904599
0.008312699,0.013105476
-0.00157867,-0.004158358
-0.004479972,-0.004013831
0.01129445,0.014524632
0.003490097,0.003540424
8.69E-05,-0.000300213
-0.002695183,-0.002470122
0.000697411,0.003803975
-0.010628103,-0.010009569
-0.002553491,-0.002295674
-0.001235876,-0.003192556
-0.009722468,-0.011943079
-0.019635844,-0.015416253
0.014384559,0.011516534
0.000628253,0.000726462
0.019194547,0.017953472
0.000704039,-0.000277524
0.006771612,0.006166961
-0.0028826,-0.000455758
-0.00087604,7.86E-05
0.000876808,0.002651732
0.001401664,0.002374672
-0.002536961,-0.003670892
0.009998246,0.009326181
-0.006165335,-0.006360499
-0.016950633,-0.01672491
0.0233757,0.020795151
-0.004516241,-0.0078384
8.72E-05,-0.000661999
-0.015179272,-0.014746674
0.004517672,0.004461656
-0.023015873,-0.022078498
0.007581912,0.003924465
0.006091552,0.008714127
0.014869557,0.015189318
-0.014563959,-0.013496943
-0.022168803,-0.015879065
0.011108076,0.009416618
0.006573615,0.006482099
0.0074253,0.008969472
-0.000177604,0.000508388
-0.000532907,-0.00148381
0.015729139,0.013414779
-0.009011374,-0.008231407
-0.012448133,-0.011529252
-0.021097801,-0.020613386
-0.00173516,-0.002369858
-0.009605709,-0.011364112
-0.031313505,-0.030251253
-0.008200629,-0.009764794
0.003076627,-0.001215619
0.011597815,0.010335739
-0.034489293,-0.034085446
0.021295388,0.019649616
-0.031036802,-0.027427678
0.002181674,-0.002554907
-0.003067485,-0.001173335
0.000992556,8.36E-05
0.028953892,0.026637892
-0.014840513,-0.015827891
0.008999315,0.010884515
-0.024915172,-0.021756843
0.014118115,0.00872334
0.020882353,0.023824198
0.002688947,0.001402633
-0.021645436,-0.022335552
-0.004796867,-0.002599296
-9.84E-05,0.001618174
-0.034727004,-0.032435471
-0.015287403,-0.01817118
-0.003104947,-0.003486375
0.003841362,0.003559001
-0.001447926,-0.003754013
0.015225272,0.0165899
0.022546419,0.023224061
0.02264791,0.022125915
-0.011414634,-0.010218743
0.002960624,0.003782718
0.016235364,0.014695031
-0.016460108,-0.014631936
0.009549124,0.008688514
0.009848854,0.00876431
-0.001255311,0.00183072
-0.008991589,-0.006949445
0.032097561,0.028885103
0.000378108,0.003004835
-0.001889823,0.000893461
0.00037868,0.002040104
-0.006151226,-0.001776042
-0.008284136,-0.01256573
0.006433029,0.005596605
-0.001526426,-0.002597467
0.01748519,0.018526809
0.0016903,0.000521846
-0.000374988,-0.004544613
0.008909313,0.007594537
-0.000557724,0.002327913
-0.001395089,0.0043289
0.003911707,0.002769811
0.003061508,0.002677228
-0.008231595,-0.010943643
0.000279772,0.000981173
-0.001398471,-0.001380108
0.016058258,0.016876608
0.004869981,0.004712817
-0.001463058,0.000116675
0.010622711,0.009177991
-0.003805727,-0.004353088
-0.009641623,-0.009780124
0.016440118,0.015865775
-0.014367037,-0.014691004
-0.000733407,0.000483213
-0.003669725,-0.003563804
0.008379374,0.008005009
0.012784221,0.015478517
9.02E-05,-0.000294161
-0.002524342,-0.001550185
0.00533261,0.004416979
-0.006113459,-0.003969965
0.000814111,0.001584257
9.04E-05,-0.000450135
-0.015092634,-0.008007406
0,-0.002125174
-0.004863278,-0.001531571
-0.00802213,-0.00509189
-0.01208403,-0.011821461
-0.0052691,-0.006215011
0.009458948,0.008856874
-0.009276612,-0.011226664
-0.006431476,-0.007694213
-0.000285578,-0.001334545
0.005332318,0.004072887
0.002841447,0.002978163
0.013694749,0.012603278
-0.009037548,-0.010188622
-0.004418954,-0.004854405
-0.003683067,-0.004034197
0.012511848,0.01231882
-0.012544467,-0.012055706
0.003602579,0.004983695
-0.005195541,-0.005594508
0.011015098,0.012107234
-0.001314924,-0.000759606
0.020031976,0.020041708
0.007191591,0.007082584
0.00292933,0.001454682
0.005202629,0.006621476
0.001906837,0.002966795
9.06E-05,0.000887585
0.002084277,0.003869011
-0.004702478,-0.005791836
0.003634381,0.005316824
-0.002534854,-0.001398798
0.001724451,0.002753336
-0.001630878,-0.003219125
-0.011344042,-0.012910943
-0.008353222,-0.009334199
0,-0.000903694
-0.002869573,-0.00173593
0.002970665,0.002083078
-0.014346538,-0.009191791
0.006291671,0.0076934
0.003172826,0.001353858
-0.002418605,-0.002135839
0.014267065,0.015883711
-0.041187828,-0.041152998
-0.019848499,-0.024114707
0.02191352,0.021335979
0.017710128,0.018663
0.011569937,0.013272411
0.005021387,0.004204183
-0.006106588,-0.007971063
0.008192143,0.007521569
0.002954755,0.003633497
0.015466765,0.016407626
0.005711695,0.006431408
0.005048229,0.006853092
-0.002421742,-0.003386493
0.006833303,0.005666869
-0.00160743,-0.000887322
0.006618962,0.005209075
-0.003643149,-0.003840199
0.011682868,0.010672825
-0.002291961,-0.003147009
0.004152677,0.005186035
8.80E-05,-0.000495984
0.001143762,0.002437776
0.006942614,0.005838165
0.003491011,0.003054431
0.002174291,0.001389608
0.00529376,0.004274397
-0.007596685,-0.008901353
0.003305498,0.004475159
0.002861106,0.001670708
0.009596265,0.010626796
-0.001113204,-0.001513274
0.002314616,0.00239202
-0.002565857,-0.003940543
0.004287429,0.004655672
0.00068306,0.000865302
0.004266212,0.005663503
-0.005522515,-0.006257902
0.001794105,0.000356515
0.000255842,0.002224471
-0.000255776,-0.00031515
0.000767525,0.001205366
0.001789519,0.002997158
-0.006464784,-0.007942237
-0.001626712,-0.001047475
0.001457851,0.001289118
0.001370098,0.002715336
-0.00324953,-0.001761455
-0.001029513,-0.00182541
0.002576434,0.002692323
0.003255097,0.00435019
0.006232923,0.004956838
0.000593975,0.001594493
-0.005851425,-0.004608818
-0.025164207,-0.025396223
0.017938397,0.016838774
-0.008940084,-0.010809081
0.004770579,0.003699462
0.015538674,0.014709193
-0.002975179,-0.000971553
-0.004348197,-0.001780108
0.001883884,0.00121189
0.00982906,0.010291125
0.007955988,0.008401653
-0.006381728,-0.006325579
-0.008366433,-0.009091453
0.009885802,0.009176544
0.001687764,0.002564294
-0.007245156,-0.009275524
0.007467753,0.008133471
-0.001431941,-0.001838434
-0.001518347,-0.002114682
0.003548196,0.005008628
-0.000505093,-0.001720394
-0.002189842,-0.00272048
0.006330717,0.006852248
-0.014259352,-0.01536725
-0.000850919,-0.001465738
-0.003576903,-0.004901944
0.001196581,0.000159015
-0.002731774,-0.002750189
0.008902585,0.008464975
-8.48E-05,0.000528089
-0.001187951,-0.000872399
0.003738,0.00298288
0.01201862,0.009973749
-0.003178055,-0.004977488
-0.006795872,-0.006267588
-0.004561581,-0.006517076
-0.006279701,-0.004913108
-0.000939368,-0.000185194
-0.00752201,-0.006848337
-0.008009646,-0.009256819
-0.009810731,-0.008586863
-0.003507234,-0.002348219
0.023757149,0.023762712
0.006532015,0.00530604
0.004611049,0.011131206
-0.016149596,-0.008020336
0.000431965,0.005438046
-0.010103627,-0.003457152
0.013870714,0.01148785
0.005937016,0.003631691
0.00727055,0.007466583
-0.003736413,-0.002315808
0.010398909,0.008920757
0.00303695,0.003312426
-0.004037006,-0.001039479
0.003208917,0.003399819
-0.002272727,-0.005444433
0.00345904,0.002118213
-0.012106945,-0.010305281
-0.017276596,-0.013609592
0.001991859,0.000873124
0.007778738,0.010145187
0.002401372,0.004545093
0.01266256,0.011466429
0.001774248,0.004378617
0.007843468,0.005012482
-0.004518828,-0.00584405
0.01260928,0.009606053
-0.002075378,-0.00490144
0.001580567,0.003729786
-0.006644518,-0.003595017
0.00409699,0.003777871
0.00383046,0.004858093
-0.000746578,-0.002277751
-0.002822514,-0.004377799
0.000666001,0.00280326
0.00515807,0.004536122
-0.007780169,-0.008771592
-0.001418085,-0.001178925
-0.010274831,-0.008935756
0.008946658,0.008545822
0.00543751,0.009003099
0.005657709,0.001995502
0.008769753,0.006046682
0.003280571,0.001950892
0.002207145,0.00361603
0.00269168,0.002145964
-0.001545595,-0.002903095
0.003421867,0.004800804
-0.003004222,-0.006348931
0.002035996,0.003060609
-0.000487646,-0.002771148
0.002195479,0.002753457
0.000811359,-0.000430481
0.00672882,0.008646569
0.010066033,0.009891043
0.001036435,-0.000203624
0.001911437,0.001060305
-0.007790143,-0.008248265
-0.002002884,0.000200444
0.006903749,0.004972523
-0.000876983,-0.0011326
0.002872646,0.005585198
0.001193507,-0.000549059
0.003655726,0.00193052
0.001662839,0.001494664
0.003636364,0.006125937
0.003308129,0.003332534
0.005652379,0.005368272
0.003356753,0.003608502
0.005913016,0.006392386
-0.000309382,-0.000758895
0.004332689,0.004085743
0.004930283,0.00469317
0.000383289,-0.000854624
-0.003754789,-0.004255804
0.001922929,0.001716517
0.001228313,0.002955581
-0.003067014,-0.006203702
0.010921397,0.013622447
-0.005021302,-0.007236241
0.001835143,0.001630589
-0.002213403,-0.003662478
-0.001682858,-0.002595664
0.001762317,0.000713033
0.000764877,0.000263063
0.004203607,0.003929878
0.001674404,0.002499888
-0.002431426,-0.003131253
0.006169548,0.007401105
-0.000681302,0.000187348
-0.002424059,4.46E-05
0.000911231,0.000121897
-0.015173356,-0.01824811
0.006779139,0.004812984
-0.002525059,-0.000673513
0.002071187,0.001899773
0.001607594,0.001995494
0.006114338,0.00601361
0.00463385,0.003944302
0.001663516,0.00286556
-0.000679399,-0.000435946
-0.000604321,-0.002794829
0.001587302,0.000830088
-0.004075164,-0.005768636
0.000530424,0.00248021
-0.000530142,-0.000192378
0.000378874,0.000532498
-0.004317528,-0.00239273
-0.004031951,-0.005216856
-0.003971891,-0.005313316
0.008282209,0.008896789
-0.001521144,-0.001249925
0.001599634,0.002350102
0.008365655,0.009167535
-0.000226261,-0.001056447
0.012070006,0.012411913
0.007230173,0.006964966
-0.001406053,-3.35E-05
0.006002668,0.004018682
0.001767956,-0.000198536
0.008897713,0.007274809
0.001676385,0.000621642
-0.00320163,-0.0035866
0.00036499,0.000474835
0.00364857,0.004186376
0.002181184,0.000346213
0.003482298,0.002987029
0.000578369,0.00143609
-0.000794798,-0.001745715
0.002241666,0.000885126
0.003174603,0.004745115
0.004171461,0.003670208
-0.025426157,-0.025580481
0.008745499,0.007324994
0.004225557,0.004737466
0.008415554,0.008225935
0.001007194,0.000863405
0.004599684,0.00398107
0.008513378,0.006859714
0.001773427,0.000922503
0.000849738,-0.001085126
-0.000353757,-0.00071809
0.003892703,0.007803014
0.01142132,0.009453059
-0.000209118,-0.001580647
-0.003974064,-0.003273325
0.003919922,0.003699639
0.001045879,0.003879125
-0.025005224,-0.018007258
-0.005357908,-0.005225987
0.008116067,0.007319115
