Date,U1.25.T.50.WIN.25.11.daily_ret,U2.base.algo.A.daily_ret,SPX.dailyRet,longHT_shortLT
12/31/2013,0.006887253,-0.000601773,0.004024468,-0.007489026
1/2/2014,-0.009671764,-0.00610471,-0.008716397,0.003567054
1/3/2014,0.001613185,0.001419128,-0.0003073,-0.000194057
1/6/2014,-0.000670468,-0.002304666,-0.002495678,-0.001634198
1/7/2014,0.006357363,0.004942373,0.006093096,-0.00141499
1/8/2014,0.001178231,-0.00132058,8.79E-05,-0.002498811
1/9/2014,0.004324888,0.003484463,0.000342659,-0.000840425
1/10/2014,0.004152139,0.006813561,0.002309882,0.002661422
1/13/2014,-0.017870635,-0.005215209,-0.012466392,0.012655426
1/14/2014,0.012508286,0.008557131,0.010822995,-0.003951155
1/15/2014,0.001945638,0.003292638,0.005192979,0.001347
1/16/2014,-0.003895323,0.003903498,-0.001323186,0.007798821
1/17/2014,-0.005046501,-0.008742204,-0.003878238,-0.003695703
1/21/2014,0.000777862,0.004311318,0.002796538,0.003533456
1/22/2014,-0.000631276,0.003134873,0.000694919,0.003766149
1/23/2014,-0.010556084,-0.007633503,-0.008876704,0.002922581
1/24/2014,-0.029766091,-0.014836925,-0.020870397,0.014929166
1/27/2014,-0.003082381,-0.003240148,-0.004841123,-0.000157767
1/28/2014,0.008707353,0.006857659,0.006140244,-0.001849694
1/29/2014,-0.006845185,-0.004812335,-0.010101889,0.00203285
1/30/2014,0.008727898,0.00913087,0.011325611,0.000402972
1/31/2014,-0.004160815,0.002216509,-0.00646537,0.006377324
2/3/2014,-0.028076242,-0.016354867,-0.022830722,0.011721375
2/4/2014,0.012032849,0.004167207,0.007695333,-0.007865642
2/5/2014,-0.000211155,-0.000567914,-0.001729094,-0.000356759
2/6/2014,0.01344346,0.011266658,0.012954117,-0.002176802
2/7/2014,0.012818429,0.012745692,0.013299867,-7.2737E-05
2/10/2014,-0.000681875,0.000886299,0.001594605,0.001568174
2/11/2014,0.00860079,0.009794407,0.01111355,0.001193617
2/12/2014,0.002478835,0.001711416,0.000223191,-0.000767419
2/13/2014,0.004320185,0.005713468,0.005914772,0.001393283
2/14/2014,0.001229786,0.006759107,0.004892398,0.005529321
2/18/2014,0.003241566,-0.0001542,0.001315423,-0.003395766
2/19/2014,-0.005622374,-0.002310471,-0.006474857,0.003311903
2/20/2014,0.004990282,0.007235342,0.006213087,0.00224506
2/21/2014,-0.000377117,0.002367398,-0.001785353,0.002744515
2/24/2014,0.010926726,0.001446002,0.006197872,-0.009480724
2/25/2014,-0.003869366,-0.0016382,-0.00132638,0.002231166
2/26/2014,0.000959026,0.000602733,0.000216839,-0.000356293
2/27/2014,0.00340564,0.001875388,0.005088599,-0.001530252
2/28/2014,0.00118803,0.003533793,0.002795045,0.002345763
3/3/2014,-0.005365565,-0.004527769,-0.007328119,0.000837796
3/4/2014,0.017426693,0.012553037,0.015285072,-0.004873656
3/5/2014,-0.003006945,-0.002184651,0.000136351,0.000822294
3/6/2014,0.002807544,0.000384784,0.001893838,-0.00242276
3/7/2014,-0.001571998,-0.001044238,0.000615295,0.00052776
3/10/2014,-0.001064612,-0.001913838,-0.000399105,-0.000849226
3/11/2014,-0.004045602,-0.001977802,-0.005042559,0.0020678
3/12/2014,-0.002294871,0.002410317,0.000564775,0.004705188
3/13/2014,-0.012637576,-0.007226841,-0.011574329,0.005410735
3/14/2014,-0.003645302,-0.00036016,-0.002795219,0.003285142
3/17/2014,0.009920267,0.008454954,0.009614776,-0.001465313
3/18/2014,0.006922864,0.00392171,0.007245403,-0.003001154
3/19/2014,-0.003269791,-0.009127619,-0.006132224,-0.005857828
3/20/2014,0.001603293,0.009621617,0.006056738,0.008018324
3/21/2014,-0.000725289,0.000392687,-0.002928622,0.001117976
3/24/2014,-0.006154337,-0.00336192,-0.004863663,0.002792417
3/25/2014,0.001290265,0.006976132,0.004505043,0.005685867
3/26/2014,-0.005485446,-0.002801223,-0.006971128,0.002684223
3/27/2014,-0.000391633,0.001298912,-0.001728062,0.001690545
3/28/2014,0.010321113,0.001383904,0.004680145,-0.008937209
3/31/2014,0.009671189,0.008928028,0.007966962,-0.000743161
4/1/2014,0.00355574,0.003680405,0.007110037,0.000124665
4/2/2014,0.002922286,0.003284557,0.003026907,0.000362271
4/3/2014,-0.000567191,0.002722954,-0.001114435,0.003290145
4/4/2014,-0.012462116,-0.003806531,-0.012504404,0.008655585
4/7/2014,-0.02026451,-0.003139912,-0.010745047,0.017124598
4/8/2014,0.006275304,0.008780956,0.004078419,0.002505652
4/9/2014,0.012858107,-0.000141928,0.011006214,-0.013000035
4/10/2014,-0.022296217,-0.010369156,-0.020881629,0.011927061
4/11/2014,-0.010959809,-0.004345452,-0.009385924,0.006614357
4/14/2014,0.007763737,0.005654067,0.008223343,-0.00210967
4/15/2014,0.006543535,0.010283811,0.006757534,0.003740276
4/16/2014,0.013985189,0.009678915,0.010516344,-0.004306274
4/17/2014,0.006910109,-0.001879177,0.001407625,-0.008789286
4/21/2014,0.001921547,0.000801032,0.003789004,-0.001120515
4/22/2014,0.008675713,0.000121249,0.004094442,-0.008554464
4/23/2014,0.002529259,-0.000553717,-0.002087523,-0.003082976
4/24/2014,-2.94E-05,0.001548073,0.001740287,0.001577439
4/25/2014,-0.010471032,-0.001160858,-0.008093464,0.009310174
4/28/2014,-0.001327685,0.007690729,0.0032977,0.009018414
4/29/2014,0.00398653,0.001855034,0.004777655,-0.002131496
4/30/2014,0.008127565,0.001887582,0.003038205,-0.006239983
5/1/2014,0.001246783,0.003926176,-7.65E-05,0.002679393
5/2/2014,0.000142196,-0.003875844,-0.001349921,-0.00401804
5/5/2014,-0.000180375,0.002374346,0.001949576,0.002554721
5/6/2014,-0.007876505,-0.006092702,-0.008967648,0.001783803
5/7/2014,0.005569076,0.012088541,0.006044393,0.006519465
5/8/2014,-0.001612308,-0.003846762,-0.001123198,-0.002234454
5/9/2014,-0.000618631,-0.003963437,0.001699973,-0.003344806
5/12/2014,0.013444286,0.002225536,0.009711112,-0.01121875
5/13/2014,-0.001212516,0.001560393,0.000668221,0.002772909
5/14/2014,-0.00635831,-0.001456153,-0.004508209,0.004902157
5/15/2014,-0.011268339,-0.006459338,-0.009174419,0.004809001
5/16/2014,0.005675472,0.004057982,0.003751641,-0.00161749
5/19/2014,0.006539978,-0.002114902,0.003920229,-0.00865488
5/20/2014,-0.007767696,-0.006508691,-0.00646615,0.001259005
5/21/2014,0.012022066,0.002213425,0.008259314,-0.009808641
5/22/2014,0.001851775,0.000780697,0.002501135,-0.001071078
5/23/2014,0.004618666,0.006110442,0.004262355,0.001491776
5/27/2014,0.006823746,0.003324524,0.005995497,-0.003499222
5/28/2014,-0.001109752,0.001889794,-0.000957148,0.002999546
5/29/2014,0.003353436,0.003956402,0.005493679,0.000602966
5/30/2014,0.002298638,0.004320268,0.001850967,0.00202163
6/2/2014,0.000644097,0.001002371,0.000818897,0.000358274
6/3/2014,0.000234266,-0.002779166,-0.000327291,-0.003013432
6/4/2014,0.005954067,0.000195035,0.002070649,-0.005759032
6/5/2014,0.008034374,0.00721035,0.00659175,-0.000824024
6/6/2014,0.005311119,0.005219929,0.004774771,-9.119E-05
6/9/2014,0.001528898,-0.002539282,0.000988954,-0.00406818
6/10/2014,-0.000907314,-0.003642021,-0.000240625,-0.002734707
6/11/2014,-0.002924521,-0.002742883,-0.00342619,0.000181638
6/12/2014,-0.005049516,-0.003282992,-0.006804905,0.001766524
6/13/2014,7.47E-06,0.002239371,0.003149701,0.002231905
6/16/2014,0.000108875,0.000749381,0.000844127,0.000640506
6/17/2014,0.003599123,0.001507032,0.00219117,-0.002092091
6/18/2014,0.008773202,0.00555582,0.007730515,-0.003217382
6/19/2014,-0.00122542,0.000248121,0.001416311,0.001473541
6/20/2014,0.001921762,-0.004048897,0.001735485,-0.005970659
6/23/2014,-0.001012448,0.000685194,-0.000129373,0.001697642
6/24/2014,-0.010754792,-0.004847931,-0.006348554,0.005906861
6/25/2014,0.001988106,0.002517469,0.004922762,0.000529363
6/26/2014,-0.00338495,-0.000501647,-0.001008462,0.002883303
6/27/2014,0.003840372,0.004293503,0.001965384,0.000453131
6/30/2014,0.005668671,0.002804834,-0.000329267,-0.002863837
7/1/2014,0.00269965,0.003039297,0.006860576,0.000339647
7/2/2014,-0.005579939,-0.005885236,0.000715774,-0.000305297
7/3/2014,0.00727013,0.000575356,0.00548181,-0.006694774
7/7/2014,-0.008328509,-0.001319348,-0.003884704,0.007009161
7/8/2014,-0.006430948,0.001580029,-0.006756399,0.008010977
7/9/2014,0.005368444,0.001387902,0.004704356,-0.003980542
7/10/2014,-0.006407706,0.000350756,-0.004134426,0.006758462
7/11/2014,-0.001423302,-0.001247011,0.001569127,0.000176291
7/14/2014,0.000285405,0.001363825,0.004845743,0.00107842
7/15/2014,0.000658789,0.002047084,-0.001927277,0.001388295
7/16/2014,-0.001504966,0.002055607,0.0043175,0.003560573
7/17/2014,-0.009119594,-0.006085253,-0.011736521,0.003034341
7/18/2014,0.008662398,0.00803465,0.010271051,-0.000627748
7/21/2014,-0.002600828,-0.003424113,-0.002290836,-0.000823285
7/22/2014,0.003900964,0.002324177,0.005016774,-0.001576787
7/23/2014,0.001549106,0.002485166,0.001764894,0.00093606
7/24/2014,0.002379075,0.006386841,0.000499403,0.004007766
7/25/2014,-0.00411793,-0.004933058,-0.004830704,-0.000815128
7/28/2014,-0.000905829,0.004676452,0.000292587,0.005582281
7/29/2014,-0.010968197,0.004296074,-0.004479446,0.015264271
7/30/2014,0.002753023,-0.005539725,0.000223861,-0.008292748
7/31/2014,-0.016900443,-0.01704439,-0.019935934,-0.000143947
8/1/2014,-0.000657739,-0.001054925,-0.002857396,-0.000397186
8/4/2014,0.00797571,0.00295293,0.007194018,-0.00502278
8/5/2014,-0.0067455,-0.01240169,-0.009592674,-0.00565619
8/6/2014,-0.001691366,-0.002492464,0.000318548,-0.000801098
8/7/2014,-0.004931788,-0.000614052,-0.005316051,0.004317736
8/8/2014,0.012268162,0.015869579,0.011557076,0.003601417
8/11/2014,0.002786805,0.002262636,0.00294251,-0.000524169
8/12/2014,-0.00256836,0.000662353,-0.001583498,0.003230713
8/13/2014,0.005722924,0.005305074,0.006964772,-0.00041785
8/14/2014,0.0047529,0.004015203,0.004397102,-0.000737697
8/15/2014,0.000353095,-0.001415415,5.63E-05,-0.00176851
8/18/2014,0.009409106,0.007526794,0.008594746,-0.001882312
8/19/2014,0.002334214,0.005621557,0.005199989,0.003287343
8/20/2014,0.001159724,0.001745873,0.002543505,0.000586149
8/21/2014,0.002909361,0.004490368,0.002974665,0.001581007
8/22/2014,-0.002663976,-0.005481858,-0.001858485,-0.002817882
8/25/2014,0.005084668,0.003527328,0.004802877,-0.00155734
8/26/2014,2.76E-05,-0.001710243,0.001060063,-0.001737864
8/27/2014,0.00052618,0.002956037,0.000255796,0.002429857
8/28/2014,-0.001665388,0.000226083,-0.001556382,0.001891471
8/29/2014,0.00303783,0.004764974,0.00340404,0.001727144
9/2/2014,5.37E-05,0.000312728,-0.000499542,0.000259048
9/3/2014,-0.001282489,0.001383562,-0.000595905,0.002666051
9/4/2014,-0.000867858,-0.001664536,-0.001505763,-0.000796678
9/5/2014,0.002471378,0.009466874,0.00506072,0.006995496
9/8/2014,-0.00130949,-0.005432947,-0.002902313,-0.004123457
9/9/2014,-0.003844931,-0.005546963,-0.006527243,-0.001702032
9/10/2014,0.000916852,-0.002319186,0.003748041,-0.003236038
9/11/2014,0.001587098,0.004909394,0.001159317,0.003322296
9/12/2014,-0.004218239,-0.013473495,-0.00594115,-0.009255256
9/15/2014,-0.002312555,0.006078572,-0.000702811,0.008391127
9/16/2014,0.008338202,0.003682865,0.007498228,-0.004655337
9/17/2014,-0.000860032,0.000315347,0.001319189,0.001175379
9/18/2014,0.006374865,0.000952504,0.005031015,-0.005422361
9/19/2014,-0.006064707,0.002292612,-0.000464261,0.008357319
9/22/2014,-0.008892796,-0.007996518,-0.008013596,0.000896278
9/23/2014,-0.003254826,-0.00354146,-0.005673837,-0.000286634
9/24/2014,0.008311814,0.003867689,0.007850198,-0.004444125
9/25/2014,-0.014890678,-0.011438234,-0.016169017,0.003452444
9/26/2014,0.007275531,0.007317788,0.008763525,4.2257E-05
9/29/2014,-0.000658592,-0.00033362,-0.002461936,0.000324972
9/30/2014,-0.004280319,-0.003061802,-0.002731747,0.001218517
10/1/2014,-0.009845135,-0.005438353,-0.013158884,0.004406782
10/2/2014,-0.002104427,0.000439136,9.03E-05,0.002543563
10/3/2014,0.006482239,0.008492286,0.011181,0.002010047
10/6/2014,-0.001022546,0.000446352,-0.001539775,0.001468898
10/7/2014,-0.017000963,-0.010745404,-0.015122562,0.006255559
10/8/2014,0.014675867,0.017508379,0.017808464,0.002832512
10/9/2014,-0.023069574,-0.01515725,-0.020609966,0.007912324
10/10/2014,-0.011468176,-0.000928238,-0.011351348,0.010539938
10/13/2014,-0.021586732,-0.010531156,-0.016469836,0.011055576
10/14/2014,0.006462835,0.004299713,0.001586182,-0.002163122
10/15/2014,-0.008401001,-0.005326473,-0.008006007,0.003074528
10/16/2014,-0.000439086,0.005406923,0.000179674,0.005846009
10/17/2014,0.012239459,0.005374086,0.012884169,-0.006865373
10/20/2014,0.00950398,0.013603916,0.009158601,0.004099936
10/21/2014,0.026063133,0.016672823,0.019594398,-0.00939031
10/22/2014,-0.005926257,-0.004507186,-0.007185849,0.001419071
10/23/2014,0.011585452,0.010013826,0.012304075,-0.001571626
10/24/2014,0.007512935,0.008174268,0.007062727,0.000661333
10/27/2014,0.002141108,0.000604827,-0.001493654,-0.001536281
10/28/2014,0.015107117,0.00818059,0.011936351,-0.006926527
10/29/2014,0.002044833,-0.001131812,-0.001279302,-0.003176645
10/30/2014,0.00611676,0.008233946,0.006299574,0.002117186
10/31/2014,0.014384294,0.010176521,0.011736728,-0.004207773
11/3/2014,-0.000667753,-0.000723956,-0.000111413,-0.000056203
11/4/2014,-0.008044972,-0.003359497,-0.00282641,0.004685475
11/5/2014,0.011139479,0.009515088,0.006050398,-0.001624391
11/6/2014,0.006730406,-0.00347894,0.004082484,-0.010209346
11/7/2014,0.001054344,0.007145787,0.000542298,0.006091443
11/10/2014,0.002108641,0.002910649,0.003179217,0.000802008
11/11/2014,0.002216761,-0.000387071,0.00069619,-0.002603832
11/12/2014,-0.000747118,-0.003248144,-0.000413663,-0.002501026
11/13/2014,-0.000371611,-0.000255427,0.000612689,0.000116184
11/14/2014,0.00195406,-0.001227463,0.000359869,-0.003181523
11/17/2014,-0.003787659,0.005215721,0.000789279,0.00900338
11/18/2014,0.005977304,0.003575567,0.005332818,-0.002401737
11/19/2014,0.000728398,-0.003313566,-0.0014382,-0.004041964
11/20/2014,0.005808269,-0.002573471,0.002009433,-0.00838174
11/21/2014,0.004540466,0.007240667,0.005376186,0.002700201
11/24/2014,0.00497635,-8.19E-05,0.002877961,-0.005058298
11/25/2014,-0.001613016,-0.002065567,-0.001042085,-0.000452551
11/26/2014,-0.000153448,0.007155065,0.003039498,0.007308513
11/28/2014,0.001757191,-0.005491214,-0.002497083,-0.007248405
12/1/2014,-0.008526518,-0.002004056,-0.006787582,0.006522462
12/2/2014,0.008176791,0.003066468,0.006436985,-0.005110323
12/3/2014,0.006352874,0.001960834,0.004029152,-0.00439204
12/4/2014,0.00056604,-0.000552233,-0.001146943,-0.001118273
12/5/2014,0.006926235,-0.000979841,0.001673556,-0.007906076
12/8/2014,-0.004303356,0.001587392,-0.007109954,0.005890748
12/9/2014,0.001621895,-0.007460007,-0.00023091,-0.009081902
12/10/2014,-0.0156022,-0.011284724,-0.01627894,0.004317476
12/11/2014,0.0051664,0.006049834,0.004806356,0.000883434
12/12/2014,-0.017899854,-0.01738028,-0.016173737,0.000519574
12/15/2014,-0.00035894,-0.005356011,-0.006314324,-0.004997071
12/16/2014,-0.00556817,-0.00446206,-0.008491828,0.00110611
12/17/2014,0.019256349,0.015198027,0.020404205,-0.004058322
12/18/2014,0.022922157,0.009348161,0.024172482,-0.013573996
12/19/2014,0.003417666,0.001796954,0.00457351,-0.001620712
12/22/2014,0.005751261,0.011062934,0.003950942,0.005311673
12/23/2014,0.006445147,0.004164601,0.001798136,-0.002280546
12/24/2014,-0.002964276,0.001594457,-0.000102341,0.004558733
12/26/2014,-0.001095637,0.003297216,0.003309373,0.004392853
12/29/2014,0.004067854,0.004458741,0.00103322,0.000390887
12/30/2014,-0.003417998,-0.008247634,-0.004771424,-0.004829636
12/31/2014,-0.009737529,-0.012385659,-0.010305381,-0.00264813
1/2/2015,-0.002612359,0.003918777,-0.000201621,0.006531136
1/5/2015,-0.029535729,-0.014251194,-0.018215927,0.015284535
1/6/2015,-0.01618372,-0.005032671,-0.008889117,0.011151049
1/7/2015,0.014521334,0.008976467,0.011943913,-0.005544867
1/8/2015,0.0164322,0.013183144,0.017909209,-0.003249056
1/9/2015,-0.010596626,-0.00545899,-0.008399958,0.005137636
1/12/2015,-0.009377112,-0.006206204,-0.00809201,0.003170908
1/13/2015,-0.00112049,-0.002239979,-0.002478898,-0.001119489
1/14/2015,-0.008267752,0.005148294,-0.005782281,0.013416046
1/15/2015,-0.009114073,-0.003396655,-0.009221868,0.005717418
1/16/2015,0.012054713,0.01194021,0.013435632,-0.000114503
1/20/2015,0.00230401,-8.60E-05,0.001581171,-0.00239006
1/21/2015,0.004958383,0.003957895,0.004852063,-0.001000488
1/22/2015,0.015405464,0.007812047,0.015278143,-0.007593417
1/23/2015,-0.004774368,-0.003391252,-0.005488677,0.001383116
1/26/2015,0.007112887,0.003066894,0.002577292,-0.004045993
1/27/2015,-0.008982562,-0.008396866,-0.013386568,0.000585696
1/28/2015,-0.01439239,-0.015208257,-0.013414933,-0.000815867
1/29/2015,0.012182765,0.006798013,0.009607261,-0.005384752
1/30/2015,-0.015508992,-0.008915068,-0.012976636,0.006593924
2/2/2015,0.012657269,0.012835817,0.012988611,0.000178548
2/3/2015,0.019240662,0.025006858,0.014463641,0.005766196
2/4/2015,-0.001793084,-0.008245812,-0.003859113,-0.006452728
2/5/2015,0.003760283,0.011574849,0.010492033,0.007814566
2/6/2015,0.001110445,-0.014456327,-0.003149036,-0.015566772
2/9/2015,-0.004065485,-0.003951552,-0.004201369,0.000113933
2/10/2015,0.011838294,0.012936366,0.010723532,0.001098072
2/11/2015,0.001509687,-0.004226202,0.000316237,-0.005735889
2/12/2015,0.010853739,0.008499129,0.009887192,-0.00235461
2/13/2015,0.007157028,-0.001036377,0.004158243,-0.008193405
2/17/2015,0.004300602,-0.000697748,0.00175357,-0.00499835
2/18/2015,-0.006124439,-0.001245659,-0.000269707,0.00487878
2/19/2015,0.000734781,-0.004692248,-0.00090013,-0.005427029
2/20/2015,0.007162125,0.000668709,0.006249464,-0.006493416
2/23/2015,7.28E-05,3.76E-05,-0.000294148,-3.51886E-05
2/24/2015,-0.000578562,0.001778121,0.002790066,0.002356683
2/25/2015,-0.001519261,-0.00657106,-0.000597127,-0.005051799
2/26/2015,-0.005426934,-0.008350954,-0.001313434,-0.00292402
2/27/2015,-0.002706546,0.002269214,-0.00294751,0.00497576
3/2/2015,0.009582502,0.004265899,0.006181429,-0.005316603
3/3/2015,-0.009917943,-0.002462312,-0.00452662,0.007455631
3/4/2015,-0.004013531,-0.00683864,-0.004183117,-0.002825109
3/5/2015,0.002800538,0.002756328,0.001239463,-4.421E-05
3/6/2015,-0.018028878,-0.017964726,-0.014049709,6.4152E-05
3/9/2015,0.005863732,0.003768681,0.004039884,-0.002095051
3/10/2015,-0.018413876,-0.013672026,-0.016897672,0.00474185
3/11/2015,0.000294536,-0.002717539,-0.001764316,-0.003012075
3/12/2015,0.016919133,0.01766962,0.012857219,0.000750487
3/13/2015,-0.005689717,-0.004342135,-0.006050908,0.001347582
3/16/2015,0.011824138,0.013056888,0.013552446,0.00123275
3/17/2015,-0.007474307,-0.002796504,-0.003320601,0.004677803
3/18/2015,0.013729654,0.016061632,0.012183774,0.002331978
3/19/2015,-0.005470104,-0.006495162,-0.004860944,-0.001025058
3/20/2015,0.010327409,0.012451725,0.009014683,0.002124316
3/23/2015,-0.005724508,0.004192263,-0.001746078,0.009916771
3/24/2015,-0.001480954,-0.012516688,-0.006056081,-0.011035734
3/25/2015,-0.0088132,-0.012087542,-0.014535813,-0.003274342
3/26/2015,-0.002395063,0.000405279,-0.00235286,0.002800342
3/27/2015,0.003585943,0.004905256,0.002561994,0.001319313
3/30/2015,0.012606024,0.013431835,0.012328912,0.000825811
3/31/2015,-0.006948801,-0.003046255,-0.008695765,0.003902546
4/1/2015,0.001962459,-0.005114684,-0.003839412,-0.007077143
4/2/2015,0.009371224,0.005639911,0.003556109,-0.003731313
4/6/2015,0.00726725,0.010127455,0.006616476,0.002860205
4/7/2015,-0.007065085,-0.005062974,-0.002042143,0.002002111
4/8/2015,0.004634296,-0.003841923,0.00306425,-0.008476219
4/9/2015,0.009283594,0.002152291,0.004458416,-0.007131303
4/10/2015,0.001664352,0.004647144,0.005199608,0.002982792
4/13/2015,-0.004866631,-0.004492745,-0.004490596,0.000373886
4/14/2015,-0.001004578,0.008227493,0.001632524,0.009232071
4/15/2015,0.004021218,0.008632497,0.0051513,0.004611279
4/16/2015,-0.004567916,-0.005500742,-0.00075533,-0.000932826
4/17/2015,-0.011910021,-0.006056025,-0.011310133,0.005853996
4/20/2015,0.00616515,0.010672361,0.009260685,0.004507211
4/21/2015,0.001891067,-0.006237717,-0.001465942,-0.008128784
4/22/2015,0.004545823,0.002226645,0.0051215,-0.002319178
4/23/2015,0.001120396,0.006118015,0.002454964,0.004997619
4/24/2015,-3.22E-05,0.000976934,0.002256223,0.001009099
4/27/2015,-0.006399627,-0.001864114,-0.004138207,0.004535513
4/28/2015,-0.002512613,0.005889484,0.002860379,0.008402097
4/29/2015,-0.001885313,-0.005254916,-0.003673743,-0.003369603
4/30/2015,-0.009660236,-0.010332752,-0.010080136,-0.000672516
5/1/2015,0.010553715,0.007346586,0.010924623,-0.003207129
5/4/2015,0.004342747,-0.001830295,0.002937882,-0.006173042
5/5/2015,-0.010105425,-0.01301476,-0.011745346,-0.002909335
5/6/2015,-0.001676665,-0.004086219,-0.004081145,-0.002409554
5/7/2015,0.002693935,0.003478179,0.004024832,0.000784244
5/8/2015,0.009488737,0.012032778,0.01347837,0.002544041
5/11/2015,-0.003775686,-0.009008809,-0.004891041,-0.005233123
5/12/2015,-0.002740437,-0.001009639,-0.002895467,0.001730798
5/13/2015,-0.002242294,-0.000905352,-8.53E-05,0.001336942
5/14/2015,0.006432983,0.00880672,0.010893044,0.002373737
5/15/2015,0.002802575,0.004558013,0.000886896,0.001755438
5/18/2015,0.002493318,-0.001406209,0.003105217,-0.003899527
5/19/2015,-0.002701405,-0.001267427,-0.000442957,0.001433978
5/20/2015,0.00094559,0.001113185,-0.000822634,0.000167595
5/21/2015,0.003161365,0.000981609,0.002477582,-0.002179756
5/22/2015,-0.001715918,-0.001468491,-0.002222279,0.000247427
5/26/2015,-0.011984782,-0.007776027,-0.010264617,0.004208755
5/27/2015,0.010079183,0.006800586,0.009328301,-0.003278597
5/28/2015,0.000495126,0.000229855,-0.001094357,-0.000265271
5/29/2015,-0.007931323,-0.006705977,-0.006292424,0.001225346
6/1/2015,-0.000215827,0.004090886,0.002161298,0.004306713
6/2/2015,-0.001077024,-0.004892432,-0.000959075,-0.003815408
6/3/2015,0.003163721,-0.004046445,0.002305017,-0.007210166
6/4/2015,-0.010397383,-0.005274769,-0.008604728,0.005122614
6/5/2015,-0.000848435,-0.010056639,-0.001394905,-0.009208204
6/8/2015,-0.004943055,-0.003555052,-0.006306537,0.001388003
6/9/2015,-0.0005498,-0.001883035,0.000445144,-0.001333235
6/10/2015,0.012469853,0.010369087,0.012109826,-0.002100766
6/11/2015,0.004390217,0.003996116,0.002028434,-0.000394101
6/12/2015,-0.004461023,-0.004254412,-0.006935055,0.000206611
6/15/2015,-0.007453812,-0.004130546,-0.004601401,0.003323266
6/16/2015,0.007455966,0.0052818,0.005705016,-0.002174166
6/17/2015,0.00101022,0.006921276,0.00200272,0.005911056
6/18/2015,0.000944839,0.008986395,0.010029646,0.008041556
6/19/2015,-0.001886369,-0.004205519,-0.005301637,-0.00231915
6/22/2015,0.009007855,0.001320217,0.006093872,-0.007687638
6/23/2015,0.004946129,0.002405135,0.000718579,-0.002540994
6/24/2015,-0.007218159,-0.001622571,-0.007323228,0.005595588
6/25/2015,-0.005806437,-0.004607988,-0.002931919,0.001198449
6/26/2015,0.003527958,0.004601327,-0.00021353,0.001073369
6/29/2015,-0.023350175,-0.015240709,-0.020768306,0.008109466
6/30/2015,0.003902496,-0.000423567,0.002719748,-0.004326063
7/1/2015,-0.002918393,0.003067241,0.007183196,0.005985634
7/2/2015,-0.003975921,0.003356712,-0.000312235,0.007332633
7/6/2015,-0.004877802,-0.006526577,-0.003828675,-0.001648775
7/7/2015,0.008710109,0.014252223,0.006090376,0.005542114
7/8/2015,-0.024648692,-0.012671132,-0.016358235,0.01197756
7/9/2015,0.003496432,-0.001422507,0.002267885,-0.004918939
7/10/2015,0.011669968,0.005865662,0.012338459,-0.005804306
7/13/2015,0.012087562,0.00775272,0.011155057,-0.004334842
7/14/2015,0.004951647,0.002752124,0.004462206,-0.002199523
7/15/2015,-0.002156109,-0.005872092,-0.000719902,-0.003715983
7/16/2015,0.003939592,0.002286913,0.008037431,-0.001652679
7/17/2015,0.003729284,-0.008909227,0.001111436,-0.012638511
7/20/2015,-0.000525245,-0.003425827,0.000795179,-0.002900582
7/21/2015,-0.006497808,-0.005264656,-0.004226586,0.001233152
7/22/2015,-0.00301212,-0.00141756,-0.002281592,0.00159456
7/23/2015,-0.006598115,-0.00794574,-0.005610987,-0.001347625
7/24/2015,-0.011797419,-0.013341229,-0.010699447,-0.00154381
7/27/2015,-0.011266802,-0.000401132,-0.005771204,0.01086567
7/28/2015,0.006478193,0.018048653,0.012393121,0.01157046
7/29/2015,0.014814139,0.006204111,0.00744187,-0.008610028
7/30/2015,0.004380828,0.002753073,0.000110138,-0.001627755
7/31/2015,-0.00362493,-0.003462708,-0.002263973,0.000162222
8/3/2015,-0.003428969,-0.00805589,-0.002754248,-0.004626921
8/4/2015,-0.002639206,-0.005803178,-0.002221324,-0.003163972
8/5/2015,-0.002090692,0.00283001,0.003495475,0.004920702
8/6/2015,-0.005397746,-0.009252418,-0.007473027,-0.003854672
8/7/2015,-0.000545297,-0.001344804,-0.002838702,-0.000799507
8/10/2015,0.014822094,0.011442139,0.012831302,-0.003379955
8/11/2015,-0.008632065,-0.006053087,-0.009373333,0.002578978
8/12/2015,-0.000792004,0.005619788,0.001180488,0.006411792
8/13/2015,-0.001466372,-0.004540517,-0.00112221,-0.003074145
8/14/2015,0.005417965,0.0017035,0.003916615,-0.003714465
8/17/2015,0.0046657,0.005166617,0.005399468,0.000500917
8/18/2015,0.000165634,-0.003770767,-0.00243646,-0.003936401
8/19/2015,-0.011137096,-0.005251084,-0.008191074,0.005886012
8/20/2015,-0.023664418,-0.017520923,-0.021095253,0.006143495
8/21/2015,-0.0272129,-0.01851832,-0.031694542,0.00869458
8/24/2015,-0.042924732,-0.043635313,-0.039385561,-0.000710581
8/25/2015,-0.013675873,-0.023621343,-0.013511167,-0.00994547
8/26/2015,0.032056227,0.027372339,0.039114738,-0.004683888
8/27/2015,0.022217834,0.024656559,0.024403385,0.002438725
8/28/2015,0.001924855,0.004927676,0.000731985,0.003002821
8/31/2015,-0.005720796,-0.009821692,-0.008276217,-0.004100896
9/1/2015,-0.032477315,-0.02719067,-0.029529468,0.005286645
9/2/2015,0.017631823,0.015546911,0.018465089,-0.002084912
9/3/2015,0.004369493,0.004955734,0.001218821,0.000586241
9/4/2015,-0.01601748,-0.018143399,-0.015251224,-0.002125919
9/8/2015,0.023958252,0.023801503,0.025203159,-0.000156749
9/9/2015,-0.013237283,-0.015839045,-0.013813393,-0.002601762
9/10/2015,0.008502374,0.002395671,0.005362094,-0.006106703
9/11/2015,0.005946823,0.005739077,0.004798491,-0.000207746
9/14/2015,-0.004584342,-0.006830311,-0.004026304,-0.002245969
9/15/2015,0.011310437,0.012198967,0.012844219,0.00088853
9/16/2015,0.003624489,0.00814643,0.008744436,0.004521941
9/17/2015,-0.010683387,0.001330273,-0.002395067,0.01201366
9/18/2015,-0.015213035,-0.011558636,-0.01615415,0.003654399
9/21/2015,0.009557664,0.004175531,0.004575445,-0.005382133
9/22/2015,-0.011710362,-0.010603238,-0.012293333,0.001107124
9/23/2015,0.002639248,0.000923536,-0.001996843,-0.001715712
9/24/2015,-0.002854834,-0.002554808,-0.003363406,0.000300026
9/25/2015,0.007231932,0.000899154,-0.000462219,-0.006332778
9/28/2015,-0.026233638,-0.017535987,-0.025378095,0.008697651
9/29/2015,-0.003082103,0.00220734,0.001291942,0.005289443
9/30/2015,0.021897034,0.017573826,0.019137172,-0.004323208
10/1/2015,0.004116034,-0.003844537,0.002044721,-0.007960571
10/2/2015,0.001566446,0.010915519,0.014415215,0.009349073
10/5/2015,0.022829169,0.019743099,0.018343694,-0.00308607
10/6/2015,-0.010421023,-0.001753891,-0.003593453,0.008667132
10/7/2015,0.012480813,0.008208869,0.00842673,-0.004271944
10/8/2015,0.006058533,0.014777521,0.008822199,0.008718988
10/9/2015,0.00411796,0.000640973,0.000758118,-0.003476987
10/12/2015,0.005797403,-0.001388773,0.001272353,-0.007186176
10/13/2015,-0.01101187,-0.006851418,-0.006726643,0.004160452
10/14/2015,-0.00929918,-0.001251475,-0.004658735,0.008047705
10/15/2015,0.012269469,0.006065001,0.014906591,-0.006204468
10/16/2015,0.002181406,-0.000774466,0.004569314,-0.002955872
10/19/2015,-0.002897834,-0.002788887,0.000285439,0.000108947
10/20/2015,0.004068927,0.000743151,-0.001395083,-0.003325776
10/21/2015,-0.005425169,-8.28E-05,-0.005696611,0.00534232
10/22/2015,0.018210668,0.022230705,0.016652874,0.004020037
10/23/2015,0.003768447,0.001607869,0.011035234,-0.002160578
10/26/2015,-0.004463586,-0.00901157,-0.001905428,-0.004547984
10/27/2015,-0.004978452,-0.011425292,-0.002552337,-0.00644684
10/28/2015,0.01375138,0.010410972,0.011933584,-0.003340408
10/29/2015,0.002934527,-0.005861183,-0.000334075,-0.00879571
10/30/2015,-0.003391091,-7.02E-05,-0.004809719,0.003320941
11/2/2015,0.013098186,0.021079047,0.011874472,0.007980861
11/3/2015,0.005389758,0.009780382,0.002744237,0.004390624
11/4/2015,-0.008823616,-0.00271912,-0.003189878,0.006104496
11/5/2015,-4.88E-05,-0.004845102,-0.00092708,-0.004796252
11/6/2015,0.0033995,-0.007605304,-0.000232624,-0.011004804
11/9/2015,-0.011153846,-0.010200833,-0.009616516,0.000953013
11/10/2015,0.001990612,0.006381365,0.001771068,0.004390753
11/11/2015,-0.005076053,-0.00458395,-0.003226613,0.000492103
11/12/2015,-0.019156957,-0.011508234,-0.01381179,0.007648723
11/13/2015,-0.008266044,-0.010011141,-0.011194744,-0.001745097
11/16/2015,0.017003364,0.016658037,0.015078521,-0.000345327
11/17/2015,-0.005403155,-0.006263624,-0.001128391,-0.000860469
11/18/2015,0.01412891,0.016813182,0.016244175,0.002684272
11/19/2015,-0.001982575,0.000972173,-0.001080731,0.002954748
11/20/2015,0.000729722,0.006563802,0.00396439,0.00583408
11/23/2015,0.00014225,-0.00115589,-0.001193088,-0.00129814
11/24/2015,0.002131182,0.003751756,0.001251028,0.001620574
11/25/2015,0.003621373,-0.007725346,-2.57E-05,-0.011346719
11/27/2015,-0.001045983,0.000769247,0.000813327,0.00181523
11/30/2015,-0.001889481,-0.005398426,-0.004588873,-0.003508945
12/1/2015,0.004800545,0.010035237,0.010762741,0.005234692
12/2/2015,-0.013524602,-0.018285516,-0.010765346,-0.004760914
12/3/2015,-0.018222867,-0.011622057,-0.014331415,0.00660081
12/4/2015,0.016256707,0.019289906,0.020531836,0.003033199
12/7/2015,-0.008621194,-0.003835938,-0.006913664,0.004785256
12/8/2015,-0.011532982,-0.00426929,-0.006402273,0.007263692
12/9/2015,-0.008228213,-0.00208377,-0.007676178,0.006144443
12/10/2015,0.00137962,-0.001555396,0.002361463,-0.002935016
12/11/2015,-0.01095674,-0.013345094,-0.019264636,-0.002388354
12/14/2015,-4.71E-05,0.001878638,0.004822976,0.001925765
12/15/2015,-0.002436998,0.008314197,0.010626863,0.010751195
12/16/2015,0.020012702,0.01246255,0.014606953,-0.007550152
12/17/2015,-0.016656969,-0.015475481,-0.014887223,0.001181488
12/18/2015,-0.014739064,-0.006420157,-0.017796019,0.008318907
12/21/2015,0.009282054,0.009396994,0.007895804,0.00011494
12/22/2015,0.023373405,0.010509467,0.008922071,-0.012863938
12/23/2015,0.00278706,0.018310747,0.0124959,0.015523687
12/24/2015,-0.003615813,-0.003401562,-0.001596488,0.000214251
12/28/2015,-0.002483399,-0.004576733,-0.002172722,-0.002093334
12/29/2015,0.009520643,0.005707694,0.010824831,-0.003812949
12/30/2015,-0.012824764,-0.008398597,-0.00711611,0.004426167
12/31/2015,-0.004334593,-0.003691137,-0.009409264,0.000643456
1/4/2016,-0.008310172,-0.008334164,-0.015074838,-2.3992E-05
1/5/2016,-0.002688761,0.006510654,0.00201382,0.009199415
1/6/2016,-0.023997875,-0.014413161,-0.012761264,0.009584714
1/7/2016,-0.022807096,-0.018156877,-0.023674344,0.004650219
1/8/2016,-0.018430076,-0.01017959,-0.010832698,0.008250486
1/11/2016,0.000504681,-0.007230164,0.000850967,-0.007734845
1/12/2016,0.001064088,-0.001788824,0.007805011,-0.002852912
1/13/2016,-0.036705824,-0.01808188,-0.024852084,0.018623944
1/14/2016,0.009458193,0.017690441,0.016712281,0.008232248
1/15/2016,-0.028080407,-0.016205812,-0.021557106,0.011874595
1/19/2016,-0.00904824,-0.001898024,0.000537159,0.007150216
1/20/2016,-0.005055839,-0.017867332,-0.011546983,-0.012811493
1/21/2016,0.009210521,0.014943911,0.005227387,0.00573339
1/22/2016,0.014747119,0.021656456,0.020286226,0.006909337
1/25/2016,-0.020543595,-0.022606563,-0.015632268,-0.002062968
1/26/2016,0.018357355,0.017313623,0.014147009,-0.001043732
1/27/2016,-0.00932098,-0.006904854,-0.010800464,0.002416126
1/28/2016,-0.013292227,0.008284665,0.005618089,0.021576892
1/29/2016,0.031477278,0.028532002,0.024781822,-0.002945276
2/1/2016,0.00480787,0.000196079,-0.000413,-0.004611791
2/2/2016,-0.028604615,-0.0234226,-0.018713882,0.005182015
2/3/2016,0.003528597,0.012914549,0.00533611,0.009385952
2/4/2016,0.000265861,0.006869221,0.00172552,0.00660336
2/5/2016,-0.01366544,-0.011828024,-0.018426796,0.001837416
2/8/2016,-0.020641211,-0.015157806,-0.01406179,0.005483405
2/9/2016,0.004581181,-0.008924403,-0.000455059,-0.013505584
2/10/2016,0.005627552,-0.00671696,0.000155597,-0.012344512
2/11/2016,-0.011471704,-0.014462272,-0.012114525,-0.002990568
2/12/2016,0.016475845,0.01583658,0.019623854,-0.000639265
2/16/2016,0.019854953,0.020745455,0.016852197,0.000890502
2/17/2016,0.021498125,0.017008994,0.016584158,-0.004489131
2/18/2016,-0.007007234,0.00456462,-0.004612413,0.011571854
2/19/2016,0.000422871,-0.004871805,0.000119528,-0.005294676
2/22/2016,0.015486815,0.01629206,0.014452795,0.000805245
2/23/2016,-0.011011856,-0.008075938,-0.012394792,0.002935918
2/24/2016,0.003041007,0.005367914,0.004491383,0.002326907
2/25/2016,0.011172286,0.011160731,0.011591137,-1.1555E-05
2/26/2016,-0.00026203,-0.00429,-0.001752738,-0.00402797
2/29/2016,-0.010727009,-0.00213753,-0.008029712,0.008589479
3/1/2016,0.019546888,0.02013501,0.023887115,0.000588122
3/2/2016,0.002591388,0.006222005,0.004278752,0.003630617
3/3/2016,0.005166679,0.008114364,0.003600932,0.002947685
3/4/2016,0.006925685,0.003884772,0.003326191,-0.003040913
3/7/2016,0.00600512,0.003671429,0.000953276,-0.002333691
3/8/2016,-0.009349743,-0.009933234,-0.011055985,-0.000583491
3/9/2016,0.003386229,0.005151429,0.005226645,0.0017652
3/10/2016,-0.003388938,0.002149023,0.000219432,0.005537961
3/11/2016,0.018991862,0.016155586,0.016675852,-0.002836276
3/14/2016,0.00141496,-0.001528175,-0.001194715,-0.002943135
3/15/2016,-0.001452156,-0.002280306,-0.001820563,-0.00082815
3/16/2016,0.00966066,0.006592923,0.005666971,-0.003067737
3/17/2016,0.005825095,0.01061071,0.006606143,0.004785615
3/18/2016,0.005748926,0.002307512,0.004403874,-0.003441414
3/21/2016,0.002460707,-0.003148416,0.000991654,-0.005609123
3/22/2016,-0.002524471,-7.12E-06,-0.000723553,0.002517354
3/23/2016,-0.013230023,-0.007412604,-0.006384337,0.005817419
3/24/2016,-0.000114992,0.006209672,-0.000376119,0.006324664
3/28/2016,0.006556243,0.000775676,0.000553938,-0.005780567
3/29/2016,0.005353832,0.012111295,0.00902002,0.006757463
3/30/2016,0.003378904,0.002367304,0.004454164,-0.0010116
3/31/2016,-0.004102757,0.002756487,-0.002035553,0.006859244
4/1/2016,0.00283612,0.004043859,0.006338575,0.001207739
4/4/2016,-0.009680363,-0.007418497,-0.002991539,0.002261866
4/5/2016,-0.005014163,-0.013688599,-0.010141534,-0.008674436
4/6/2016,0.01110063,0.003007237,0.010871967,-0.008093393
4/7/2016,-0.018212475,-0.011312407,-0.011940613,0.006900068
4/8/2016,0.005206395,0.006173543,0.002795434,0.000967148
4/11/2016,-0.001988168,0.00159341,-0.002738325,0.003581578
4/12/2016,0.01445432,0.013480482,0.009695042,-0.000973838
4/13/2016,0.012974259,0.012661223,0.010189668,-0.000313036
4/14/2016,0.002323924,-0.002955791,0.000275584,-0.005279715
4/15/2016,-8.81E-05,-0.000462819,-0.000984686,-0.000374729
4/18/2016,0.003095942,0.008066327,0.006559981,0.004970385
4/19/2016,0.007418414,0.00843816,0.003082301,0.001019746
4/20/2016,0.003254355,-0.002384943,0.000819421,-0.005639298
4/21/2016,-0.015263928,-0.005418609,-0.00516773,0.009845319
4/22/2016,-0.000866392,0.009226076,5.08E-05,0.010092468
4/25/2016,-0.004867005,-0.004073981,-0.001808484,0.000793024
4/26/2016,0.010939629,0.008125358,0.001870286,-0.002814271
4/27/2016,0.004371512,0.009100314,0.001724563,0.004728802
4/28/2016,-0.013232151,-0.009764546,-0.00916324,0.003467605
4/29/2016,-0.004990721,-0.005437405,-0.005053891,-0.000446684
5/2/2016,0.00653244,0.005842067,0.007818669,-0.000690373
5/3/2016,-0.011403886,-0.013036742,-0.008651203,-0.001632856
5/4/2016,-0.008230414,-0.005949281,-0.005722553,0.002281133
5/5/2016,0.000832158,-0.001226572,0,-0.00205873
5/6/2016,0.00226597,0.002336729,0.003308824,7.0759E-05
5/9/2016,-0.000799482,-0.001432727,0.000763835,-0.000633245
5/10/2016,0.013817753,0.008917066,0.012503417,-0.004900687
5/11/2016,-0.007658877,-0.013874806,-0.009040831,-0.006215929
5/12/2016,8.59E-05,-0.000181303,-7.20E-05,-0.000267192
5/13/2016,-0.008916749,-0.005474072,-0.008399193,0.003442677
5/16/2016,0.009824294,0.006666295,0.009898475,-0.003157999
5/17/2016,-0.007509276,-0.008457808,-0.009105935,-0.000948532
5/18/2016,-0.00048814,-0.009003611,0.000354841,-0.008515471
5/19/2016,-0.005976738,-0.00041678,-0.003697327,0.005559958
5/20/2016,0.007907968,0.009534832,0.006179882,0.001626864
5/23/2016,-0.00015499,-0.001492652,-0.002048169,-0.001337662
5/24/2016,0.011541575,0.01046695,0.013704055,-0.001074625
5/25/2016,0.012050923,0.009235888,0.00703641,-0.002815035
5/26/2016,-0.001505259,0.003564315,-7.10E-05,0.005069574
5/27/2016,0.004556894,0.006876192,0.004467489,0.002319298
5/31/2016,0.000154649,0.004033386,-0.000938998,0.003878737
6/1/2016,0.004639596,0.001113146,0.001301179,-0.00352645
6/2/2016,0.000683528,0.008022216,0.002942141,0.007338688
6/3/2016,-0.000377203,0.004768012,-0.002900804,0.005145215
6/6/2016,0.005258615,0.000371111,0.004922752,-0.004887504
6/7/2016,0.00084865,0.005145579,0.001310655,0.004296929
6/8/2016,0.005004359,0.000619119,0.003515582,-0.00438524
6/9/2016,0.000910926,-0.000593271,-0.001674171,-0.001504197
6/10/2016,-0.011611628,-0.004443773,-0.00916081,0.007167855
6/13/2016,-0.011707073,-0.004897002,-0.007818263,0.006810071
6/14/2016,-0.006261544,-0.000158532,-0.00173128,0.006103012
6/15/2016,-0.000748938,0.003360166,-0.001762337,0.004109104
6/16/2016,0.003569615,0.004142277,0.003298399,0.000572662
6/17/2016,-0.000173666,0.003686721,-0.003254451,0.003860387
6/20/2016,0.005859581,0.004635632,0.0058148,-0.001223949
6/21/2016,0.005510507,0.000468478,0.00280169,-0.005042029
6/22/2016,-0.002054622,0.001548093,-0.001643895,0.003602715
6/23/2016,0.010253069,0.01181936,0.013378325,0.001566291
6/24/2016,-0.034485875,-0.025169417,-0.035922267,0.009316458
6/27/2016,-0.022494713,-0.014643465,-0.018095411,0.007851248
6/28/2016,0.016990582,0.01617064,0.017992499,-0.000819942
6/29/2016,0.016130328,0.017787314,0.017160078,0.001656986
6/30/2016,0.010916652,0.017534265,0.013565426,0.006617613
7/1/2016,0.002115941,0.002751521,0.002134464,0.00063558
7/5/2016,-0.025973461,-0.008030845,-0.006779525,0.017942616
7/6/2016,0.006987904,0.00652304,0.005706734,-0.000464864
7/7/2016,0.002025292,-0.003594229,-0.00077286,-0.005619521
7/8/2016,0.017073501,0.019125888,0.015257521,0.002052387
7/11/2016,0.003698467,0.005087117,0.003409641,0.00138865
7/12/2016,0.011988974,0.012681767,0.007013743,0.000692793
7/13/2016,-0.002070166,0.000351005,0.000225942,0.002421171
7/14/2016,0.001189615,0.006876781,0.005281418,0.005687166
7/15/2016,-0.00147692,0.002108108,-0.000925682,0.003585028
7/18/2016,0.000705116,0.002700539,0.002422693,0.001995423
7/19/2016,-0.004059226,-0.002461053,-0.001412057,0.001598173
7/20/2016,0.005175264,0.001560296,0.004396023,-0.003614968
7/21/2016,-0.010518616,-0.003994189,-0.003596256,0.006524427
7/22/2016,0.002535953,0.005063752,0.004558521,0.002527799
7/25/2016,-0.001074024,-0.000453041,-0.00300498,0.000620983
7/26/2016,0.002585711,0.00673515,0.000350866,0.004149439
7/27/2016,-0.009822313,-0.007803437,-0.001159401,0.002018876
7/28/2016,0.001905357,-0.000955306,0.001692349,-0.002860663
7/29/2016,0.000168549,0.005862783,0.00164567,0.005694234
8/1/2016,-0.001268504,-0.007964151,-0.001271111,-0.006695647
8/2/2016,-0.005273537,-0.013900331,-0.006334443,-0.008626794
8/3/2016,0.003529913,0.012919806,0.003440887,0.009389893
8/4/2016,-0.000618181,-0.008335383,0.000466161,-0.007717202
8/5/2016,0.006431805,0.011078002,0.008623613,0.004646197
8/8/2016,-0.000998034,0.00235961,-0.000815081,0.003357644
8/9/2016,-0.002054818,-0.005086634,0.000428448,-0.003031816
8/10/2016,-0.001092364,-0.001887263,-0.00249458,-0.000794899
8/11/2016,0.006824095,0.019043083,0.004868228,0.012218988
8/12/2016,-0.003086638,0.002109476,-0.000745887,0.005196114
8/15/2016,0.006012656,0.003281385,0.002913304,-0.002731271
8/16/2016,-0.008100985,-0.00532744,-0.005301456,0.002773545
8/17/2016,0.001022037,0.004749112,0.002116387,0.003727075
8/18/2016,0.004395607,0.005396457,0.002227903,0.00100085
8/19/2016,0.003557176,-0.007728867,-0.001304356,-0.011286043
8/22/2016,-0.003207201,0.000899492,-0.0005456,0.004106693
8/23/2016,0.00560956,0.013973482,0.001978275,0.008363922
8/24/2016,-0.008850179,-0.004728561,-0.005185432,0.004121618
8/25/2016,0.002107666,-8.79E-05,-0.00134734,-0.002195593
8/26/2016,-0.002499474,-0.0088223,-0.001555414,-0.006322826
8/29/2016,0.005830436,0.006906804,0.005363722,0.001076368
8/30/2016,0.000648727,-0.004595421,-0.001791261,-0.005244148
8/31/2016,-0.003755994,-0.005957306,-0.002191634,-0.002201312
9/1/2016,-0.003051582,0.000518396,-2.91E-05,0.003569978
9/2/2016,0.005980063,0.004877597,0.004254679,-0.001102466
9/6/2016,-0.001232844,0.00311739,0.002999251,0.004350234
9/7/2016,-0.000627663,0.010636831,9.64E-05,0.011264494
9/8/2016,-0.005483123,-0.005265822,-0.002180455,0.000217301
9/9/2016,-0.03004109,-0.027569417,-0.02451068,0.002471673
9/12/2016,0.016578185,0.015942405,0.014732856,-0.00063578
9/13/2016,-0.017870517,-0.015517823,-0.014526268,0.002352694
9/14/2016,-1.44E-05,0.000273699,-0.000517337,0.000288091
9/15/2016,0.015857208,0.009058074,0.010275321,-0.006799134
9/16/2016,-0.009710736,-0.002802456,-0.003762882,0.00690828
9/19/2016,0.003726215,0.000366026,-7.38E-06,-0.003360189
9/20/2016,-0.002815552,-0.001425571,0.000310044,0.001389981
9/21/2016,0.0179354,0.010822237,0.010929352,-0.007113163
9/22/2016,0.009428001,0.012209336,0.006516402,0.002781335
9/23/2016,0.000381895,-0.002048062,-0.005734441,-0.002429957
9/26/2016,-0.012055674,-0.006332995,-0.008505382,0.005722679
9/27/2016,0.004007507,0.000580423,0.006491389,-0.003427084
9/28/2016,0.014057826,0.009769566,0.005518764,-0.00428826
9/29/2016,-0.013180776,-0.010621107,-0.00929527,0.002559669
9/30/2016,0.011150975,0.004230608,0.007971197,-0.006920367
10/3/2016,-0.000610535,-0.008536185,-0.003137542,-0.00792565
10/4/2016,-0.003760655,-0.014244112,-0.004858658,-0.010483457
10/5/2016,0.011108202,0.001962097,0.004703816,-0.009146105
10/6/2016,-0.003268199,0.001053947,0.000508838,0.004322146
10/7/2016,-0.014700317,-0.007609818,-0.003221811,0.007090499
10/10/2016,0.00875432,0.005289278,0.004606652,-0.003465042
10/11/2016,-0.011035436,-0.011744461,-0.012441921,-0.000709025
10/12/2016,0.003269679,0.003580977,0.001230339,0.000311298
10/13/2016,-0.008790003,-0.001738737,-0.003064695,0.007051266
10/14/2016,-0.000191397,-0.001168327,0.000204612,-0.00097693
10/17/2016,-0.003576694,0.000325348,-0.003009405,0.003902042
10/18/2016,0.001691855,0.006317811,0.006160586,0.004625956
10/19/2016,0.004386922,0.005277,0.002336615,0.000890078
10/20/2016,0.003673532,-0.002818414,-0.001304081,-0.006491946
10/21/2016,-0.002679592,-0.000920961,-8.10E-05,0.001758631
10/24/2016,0.002571434,0.002558586,0.004754716,-1.2848E-05
10/25/2016,-0.011598341,-0.000681187,-0.003767205,0.010917154
10/26/2016,0.002923375,0.002332432,-0.001726421,-0.000590943
10/27/2016,-0.00712853,-0.010792753,-0.002950309,-0.003664223
10/28/2016,-0.003405847,0.000382139,-0.003052664,0.003787986
10/31/2016,0.001627043,0.003388313,-0.000116154,0.00176127
11/1/2016,-0.005238483,-0.010059356,-0.006777248,-0.004820873
11/2/2016,-0.003949444,-0.006341411,-0.006397957,-0.002391967
11/3/2016,0.002934804,-0.003506813,-0.004057344,-0.006441617
11/4/2016,-0.008318477,0.000170036,-0.001644638,0.008488513
11/7/2016,0.021940205,0.019007374,0.022236664,-0.002932831
11/8/2016,0.002039748,0.005076827,0.004265333,0.003037079
11/9/2016,0.01529943,0.00775483,0.011144344,-0.0075446
11/10/2016,0.011508598,0.007040272,0.002045605,-0.004468326
11/11/2016,-0.001895059,0.003924283,-0.001397277,0.005819342
11/14/2016,-0.000196016,0.011801245,2.91E-05,0.011997261
11/15/2016,0.007508915,0.004952017,0.00771374,-0.002556898
11/16/2016,-0.002814677,-0.005554105,-0.001301851,-0.002739428
11/17/2016,0.010947518,0.001343716,0.00473711,-0.009603802
11/18/2016,0.00039832,1.93E-05,-0.002227887,-0.000379037
11/21/2016,0.002954283,0.004887811,0.007474919,0.001933528
11/22/2016,0.001202414,0.007766011,0.002211524,0.006563597
11/23/2016,0.004175935,-0.005338489,0.000842667,-0.009514424
11/25/2016,0.002484786,0.005649864,0.003931511,0.003165078
11/28/2016,-0.006735173,0.004410687,-0.005124354,0.01114586
11/29/2016,4.48E-05,0.000344626,0.001571657,0.000299793
11/30/2016,-0.003796971,-0.008282326,-0.002439378,-0.004485355
12/1/2016,-0.001992246,-0.007320725,-0.003474961,-0.005328479
12/2/2016,-0.003092942,0.003579913,0.00039702,0.006672855
12/5/2016,0.006158498,0.002925711,0.005919466,-0.003232787
12/6/2016,0.002948809,0.007548983,0.00343904,0.004600174
12/7/2016,0.01614553,0.021473303,0.013358471,0.005327773
12/8/2016,0.006045048,0.001109269,0.002257832,-0.004935779
12/9/2016,0.000657428,0.002778916,0.005949022,0.002121488
12/12/2016,-0.008414248,0.004958897,-0.00108262,0.013373145
12/13/2016,0.002366285,0.006987598,0.006711627,0.004621313
12/14/2016,-0.006013905,-0.01165299,-0.008052358,-0.005639085
12/15/2016,0.003523788,0.005325013,0.00392988,0.001801225
12/16/2016,-0.001123811,-0.003052866,-0.001722286,-0.001929055
12/19/2016,0.004062541,0.00611855,0.001998887,0.002056009
12/20/2016,0.007072328,0.007361685,0.003781515,0.000289357
12/21/2016,-0.000903677,-0.00882711,-0.002423133,-0.007923433
12/22/2016,-0.009174399,-0.00165943,-0.001737985,0.007514969
12/23/2016,0.000213834,0.002724456,0.001352062,0.002510622
12/27/2016,0.000116736,0.003689581,0.002256559,0.003572845
12/28/2016,-0.01228244,-0.008147412,-0.008184677,0.004135028
12/29/2016,-0.006483975,0.005112209,-0.000246543,0.011596184
12/30/2016,6.13E-05,0.000276207,-0.004590091,0.000214878
1/3/2017,0.008731239,0.001855655,0.008512011,-0.006875584
1/4/2017,0.012890582,0.005603762,0.005948905,-0.00728682
1/5/2017,-0.009893438,0.000913102,-0.000760237,0.01080654
1/6/2017,0.003516503,0.003603287,0.003827133,8.6784E-05
1/9/2017,-0.009405439,-0.00919222,-0.003543827,0.000213219
1/10/2017,0.006427104,-0.005588727,4.61E-06,-0.012015831
1/11/2017,0.003740762,0.008124104,0.002922575,0.004383342
1/12/2017,-0.00151282,-0.001839294,-0.002121195,-0.000326474
1/13/2017,0.007120802,-0.00210775,0.001847037,-0.009228552
1/17/2017,0.003832316,0.001078965,-0.002967741,-0.002753351
1/18/2017,0.001182217,-0.002742318,0.001929816,-0.003924535
1/19/2017,-0.001692601,-0.00921615,-0.003592164,-0.007523549
1/20/2017,0.003300599,0.005555033,0.00339726,0.002254434
1/23/2017,-0.002112512,-0.005705473,-0.002663033,-0.003592961
1/24/2017,0.01212205,0.011328859,0.006568046,-0.000793191
1/25/2017,0.010140838,0.005363485,0.008026944,-0.004777353
1/26/2017,-0.00010033,-0.010571827,-0.000714193,-0.010471497
1/27/2017,-0.003634095,-0.007676121,-0.000814853,-0.004042026
1/30/2017,-0.006135925,-0.00412605,-0.005963757,0.002009875
1/31/2017,0.000255897,0.004620431,-0.000884577,0.004364534
2/1/2017,0.004373045,-0.006150139,0.000525252,-0.010523184
2/2/2017,-0.003741607,0.001620683,0.00063043,0.00536229
2/3/2017,0.009854232,0.006635955,0.007354205,-0.003218277
2/6/2017,-0.003995564,-0.004699532,-0.002110554,-0.000703968
2/7/2017,-0.000761108,-0.002546683,0.000273494,-0.001785575
2/8/2017,0.000400464,0.006133857,0.00101165,0.005733393
2/9/2017,0.011452941,0.004005346,0.005938575,-0.007447595
2/10/2017,0.003710437,0.004780865,0.003624926,0.001070428
2/13/2017,0.005030612,0.005936454,0.005503425,0.000905842
2/14/2017,0.005561871,-0.000511382,0.004293886,-0.006073253
2/15/2017,-0.000431053,0.001257782,0.00513733,0.001688835
2/16/2017,-0.001612284,-0.001610258,-0.000761885,2.026E-06
2/17/2017,-0.005538094,0.005150031,0.001698321,0.010688125
2/21/2017,0.008603921,0.008864077,0.006049443,0.000260156
2/22/2017,-0.00226578,0.001746881,-0.000990414,0.004012661
2/23/2017,-0.001332836,0.004221053,0.000534338,0.005553889
2/24/2017,-0.00209642,0.007039284,0.001734567,0.009135704
2/27/2017,-0.001764466,0.001625528,0.001158782,0.003389994
2/28/2017,-0.005768289,-0.001255968,-0.00254813,0.004512321
3/1/2017,0.019453018,0.004323293,0.013854174,-0.015129725
3/2/2017,-0.009720332,7.37E-05,-0.005779278,0.009793987
3/3/2017,-0.001199585,-0.003996248,0.000531825,-0.002796663
3/6/2017,-0.004612615,-0.001843429,-0.003254878,0.002769186
3/7/2017,-0.002779677,-0.003289127,-0.002846346,-0.00050945
3/8/2017,-0.00109163,-0.004059456,-0.001996149,-0.002967826
3/9/2017,0.000679705,-0.004935542,0.000811524,-0.005615247
3/10/2017,0.003451397,0.004723799,0.003287531,0.001272402
3/13/2017,0.000519812,-0.001499932,0.000694005,-0.002019744
3/14/2017,-0.003367175,-0.000260044,-0.003331548,0.003107131
3/15/2017,0.003492083,0.011786591,0.008407358,0.008294508
3/16/2017,-0.001631546,-0.001738664,-0.001589714,-0.000107118
3/17/2017,-0.001792071,0.001633271,-0.001310103,0.003425342
3/20/2017,-0.005110413,-0.00131926,-0.001981967,0.003791153
3/21/2017,-0.01497738,-0.013044137,-0.012319184,0.001933243
3/22/2017,0.000642952,-0.001740925,0.001926247,-0.002383877
3/23/2017,-0.001148825,-0.001368755,-0.001048862,-0.00021993
3/24/2017,-0.001318602,0.001087721,-0.000845742,0.002406323
3/27/2017,-0.004592382,-0.005390672,-0.001017527,-0.00079829
3/28/2017,0.016045344,0.006749865,0.007258931,-0.009295479
3/29/2017,0.00178715,0.003121073,0.001289419,0.001333923
3/30/2017,0.005588478,0.000526088,0.002965815,-0.00506239
3/31/2017,-0.006419081,-7.47E-05,-0.00225351,0.00634437
4/3/2017,-0.003384861,-0.003445894,-0.001593139,-6.1033E-05
4/4/2017,-0.007147341,0.00344068,0.000721698,0.010588021
4/5/2017,-0.005672996,-0.000859347,-0.002953079,0.004813649
4/6/2017,0.005783929,0.004000169,0.002227452,-0.00178376
4/7/2017,-0.000920356,-0.000969023,-0.000823231,-0.000048667
4/10/2017,-0.000806692,0.005401629,0.000744389,0.006208321
4/11/2017,-0.001724363,0.000919619,-0.001293435,0.002643982
4/12/2017,-0.008048388,-0.005494143,-0.003746096,0.002554245
4/13/2017,-0.008053602,-0.006595198,-0.00680826,0.001458404
4/17/2017,0.009060604,0.005025383,0.008617243,-0.004035221
4/18/2017,-0.003720567,-0.001662434,-0.002876662,0.002058133
4/19/2017,0.002193973,-0.007940485,-0.001576846,-0.010134458
4/20/2017,0.015923671,0.002478646,0.007583037,-0.013445025
4/21/2017,-2.73E-05,-0.002137668,-0.003035555,-0.002110352
4/24/2017,0.010622568,0.006099922,0.010857193,-0.004522646
4/25/2017,0.005591379,0.005563205,0.006092098,-2.8174E-05
4/26/2017,0.002510225,-0.003083478,-0.000474662,-0.005593703
4/27/2017,0.002675917,0.001573899,0.000655693,-0.001102018
4/28/2017,-0.007799569,-0.005627896,-0.001904837,0.002171673
5/1/2017,0.003409867,-0.005122792,0.001736164,-0.008532659
5/2/2017,0.001944972,0.003067933,0.001188822,0.001122961
5/3/2017,-0.001524685,-0.000657294,-0.001069975,0.000867391
5/4/2017,0.005291983,-0.006223682,0.000635706,-0.011515665
5/5/2017,0.002429448,0.011636307,0.004101178,0.009206859
5/8/2017,-0.005493853,-0.000678299,0.000138676,0.004815554
5/9/2017,-0.000572544,-0.003608328,-0.00097926,-0.003035784
5/10/2017,0.002284556,0.006100586,0.001513702,0.00381603
5/11/2017,-0.003146356,-0.013928422,-0.001840548,-0.010782066
5/12/2017,-0.004965324,-0.00473349,-0.001459968,0.000231834
5/15/2017,0.005023723,0.007300039,0.004899021,0.002276316
5/16/2017,-0.001671067,-0.004771772,-0.000486433,-0.003100705
5/17/2017,-0.015414526,-0.005477821,-0.017883485,0.009936705
5/18/2017,0.002395417,0.002151891,0.003706575,-0.000243526
5/19/2017,0.004280172,0.007456721,0.006788944,0.003176549
5/22/2017,0.004498719,0.008366997,0.005180512,0.003868278
5/23/2017,0.000546159,0.001270796,0.001860316,0.000724637
5/24/2017,0.002431602,0.002874185,0.002525591,0.000442583
5/25/2017,0.004736705,0.002973243,0.004580809,-0.001763462
5/26/2017,0.001235906,-0.000369458,0.000442669,-0.001605364
5/30/2017,-0.001670449,1.66E-05,-0.001050337,0.001687049
5/31/2017,0.003383805,0.000485683,-0.000305326,-0.002898122
,0.008600327,,,
,5.57E-05,,,
,-0.002111348,,,
,-0.007367093,,,
,0.003643725,,,
